plant_id,treatment,day,total_mass_g,leaf_mass_g,leaf_area_m2,total_loss_g,leaf_mass_loss_g,leaf_area_loss_m2
C01,control,0,4.364447,1.570413,0.0313183,0,0,0
C01,control,7,5.380942,1.940527,0.0398019,0,0,0
C01,control,14,6.73592,2.462434,0.050132,0,0,0
C01,control,21,8.385102,3.136172,0.0635865,0,0,0
C01,control,28,10.520358,3.801128,0.0790899,0,0,0
C01,control,35,13.193507,4.817591,0.0993127,0,0,0
C01,control,42,16.349055,6.160437,0.1276396,0,0,0
C01,control,49,20.642789,7.730476,0.1617272,0,0,0
C01,control,56,25.994151,9.78756,0.2070867,0,0,0
C02,control,0,4.677119,1.673323,0.0329938,0,0,0
C02,control,7,5.756098,2.169961,0.0421108,0,0,0
C02,control,14,7.138607,2.656942,0.0538478,0,0,0
C02,control,21,8.894879,3.273389,0.067529,0,0,0
C02,control,28,11.233736,4.168929,0.0854854,0,0,0
C02,control,35,13.968096,5.20363,0.1078098,0,0,0
C02,control,42,17.626367,6.585593,0.136714,0,0,0
C02,control,49,22.008488,8.263971,0.173725,0,0,0
C02,control,56,27.897449,10.481555,0.2197019,0,0,0
C03,control,0,4.153193,1.48535,0.0278532,0,0,0
C03,control,7,5.137195,1.81882,0.0364385,0,0,0
C03,control,14,6.22903,2.293494,0.0464763,0,0,0
C03,control,21,7.751405,2.937592,0.0577216,0,0,0
C03,control,28,9.85558,3.61077,0.0727847,0,0,0
C03,control,35,12.197293,4.497156,0.093813,0,0,0
C03,control,42,15.219384,5.746548,0.1189699,0,0,0
C03,control,49,19.211143,7.246192,0.1505164,0,0,0
C03,control,56,24.24086,9.050277,0.1916219,0,0,0
C04,control,0,4.332973,1.59022,0.0304193,0,0,0
C04,control,7,5.469818,1.897066,0.0401053,0,0,0
C04,control,14,6.705365,2.442278,0.0493206,0,0,0
C04,control,21,8.184896,2.994088,0.0622898,0,0,0
C04,control,28,10.304562,3.764809,0.076659,0,0,0
C04,control,35,12.836202,4.762305,0.0983842,0,0,0
C04,control,42,16.038512,5.98084,0.1248382,0,0,0
C04,control,49,20.263316,7.538029,0.1587815,0,0,0
C04,control,56,25.576535,9.627266,0.2034545,0,0,0
C05,control,0,4.379569,1.577439,0.0326727,0,0,0
C05,control,7,5.650802,2.035805,0.0402807,0,0,0
C05,control,14,6.79392,2.499625,0.0511503,0,0,0
C05,control,21,8.608099,3.208562,0.0628582,0,0,0
C05,control,28,10.690017,3.943055,0.0821445,0,0,0
C05,control,35,13.434674,4.936315,0.1025389,0,0,0
C05,control,42,16.743216,6.270135,0.1309288,0,0,0
C05,control,49,21.040083,7.895165,0.1657377,0,0,0
C05,control,56,26.479153,9.942811,0.2109887,0,0,0
C06,control,0,4.331787,1.500653,0.0311243,0,0,0
C06,control,7,5.387003,1.892434,0.03806,0,0,0
C06,control,14,6.570008,2.403345,0.0493128,0,0,0
C06,control,21,8.197436,2.968023,0.0627687,0,0,0
C06,control,28,10.378249,3.795492,0.0785319,0,0,0
C06,control,35,12.786162,4.817165,0.0982858,0,0,0
C06,control,42,15.98434,5.953809,0.1259708,0,0,0
C06,control,49,20.249693,7.609265,0.1588796,0,0,0
C06,control,56,25.589043,9.602906,0.2037029,0,0,0
C07,control,0,4.414013,1.620586,0.0325956,0,0,0
C07,control,7,5.465901,1.968862,0.0400947,0,0,0
C07,control,14,6.911739,2.530855,0.0506165,0,0,0
C07,control,21,8.531712,3.133504,0.064911,0,0,0
C07,control,28,10.736653,3.885192,0.0815845,0,0,0
C07,control,35,13.110494,4.994894,0.1028899,0,0,0
C07,control,42,16.756865,6.218899,0.129063,0,0,0
C07,control,49,21.057861,7.897261,0.1649989,0,0,0
C07,control,56,26.4989,9.900838,0.2102218,0,0,0
C08,control,0,4.063121,1.494414,0.02896,0,0,0
C08,control,7,5.267256,1.846855,0.0380251,0,0,0
C08,control,14,6.37737,2.293509,0.0472938,0,0,0
C08,control,21,7.797919,2.835911,0.060711,0,0,0
C08,control,28,9.805296,3.597528,0.075202,0,0,0
C08,control,35,12.429864,4.551507,0.0943806,0,0,0
C08,control,42,15.631597,5.747889,0.1186062,0,0,0
C08,control,49,19.476958,7.228901,0.1533426,0,0,0
C08,control,56,24.444145,9.253924,0.1953806,0,0,0
C09,control,0,4.32159,1.596038,0.0320196,0,0,0
C09,control,7,5.585692,1.999125,0.0408394,0,0,0
C09,control,14,6.806273,2.427009,0.0500308,0,0,0
C09,control,21,8.563195,3.132583,0.0623358,0,0,0
C09,control,28,10.538738,3.877814,0.0795515,0,0,0
C09,control,35,13.135539,4.904839,0.1008775,0,0,0
C09,control,42,16.334123,6.152949,0.1267401,0,0,0
C09,control,49,20.811656,7.790853,0.1634399,0,0,0
C09,control,56,26.179835,9.826981,0.2066477,0,0,0
C10,control,0,4.346645,1.572127,0.0311344,0,0,0
C10,control,7,5.438508,1.877787,0.0377843,0,0,0
C10,control,14,6.498596,2.391031,0.0493209,0,0,0
C10,control,21,8.163627,3.030528,0.0628611,0,0,0
C10,control,28,10.264633,3.827917,0.0784924,0,0,0
C10,control,35,12.86076,4.704138,0.0983076,0,0,0
C10,control,42,16.150606,5.909916,0.1249878,0,0,0
C10,control,49,20.214274,7.598801,0.1601005,0,0,0
C10,control,56,25.552925,9.550239,0.2022805,0,0,0
C11,control,0,4.327588,1.614582,0.0318393,0,0,0
C11,control,7,5.351074,1.946391,0.039123,0,0,0
C11,control,14,6.477487,2.405739,0.0493787,0,0,0
C11,control,21,8.190982,3.086012,0.061166,0,0,0
C11,control,28,10.338995,3.763644,0.0786689,0,0,0
C11,control,35,12.890987,4.840254,0.0999874,0,0,0
C11,control,42,16.144467,6.018924,0.1269627,0,0,0
C11,control,49,20.435726,7.697701,0.1610722,0,0,0
C11,control,56,25.688742,9.716098,0.2045384,0,0,0
C12,control,0,4.290186,1.510158,0.0309981,0,0,0
C12,control,7,5.35773,1.923077,0.0386882,0,0,0
C12,control,14,6.622333,2.39513,0.0503328,0,0,0
C12,control,21,8.163838,3.051524,0.0622122,0,0,0
C12,control,28,10.292858,3.798033,0.0788255,0,0,0
C12,control,35,12.815991,4.850482,0.0990657,0,0,0
C12,control,42,16.211935,6.101784,0.1273685,0,0,0
C12,control,49,20.430597,7.616004,0.1611806,0,0,0
C12,control,56,25.68635,9.641376,0.2032353,0,0,0
D01,defoliated,0,4.29434,1.57165,0.0302482,0,0,0
D01,defoliated,7,5.336194,1.854076,0.0391042,0,0,0
D01,defoliated,14,6.702743,2.40365,0.0487746,0,0,0
D01,defoliated,21,7.261737,2.358939,0.0499114,0.964957,0.627222,0.0125444
D01,defoliated,28,8.857495,3.006993,0.0621602,0,0,0
D01,defoliated,35,10.17955,3.335311,0.0693477,0.771966,0.482479,0.0096496
D01,defoliated,42,12.584277,4.155994,0.0870912,0,0,0
D01,defoliated,49,15.430794,5.320063,0.1138946,0,0,0
D01,defoliated,56,19.067546,6.817923,0.1443025,0,0,0
D02,defoliated,0,4.670349,1.665234,0.0328787,0,0,0
D02,defoliated,7,5.666942,2.056336,0.0408283,0,0,0
D02,defoliated,14,7.043546,2.561689,0.051875,0,0,0
D02,defoliated,21,7.597623,2.520159,0.0518462,1.023892,0.66553,0.0133106
D02,defoliated,28,9.40101,3.214755,0.0655487,0,0,0
D02,defoliated,35,10.807798,3.533161,0.0745769,0.819114,0.511946,0.0102389
D02,defoliated,42,13.440352,4.455468,0.0935556,0,0,0
D02,defoliated,49,16.423211,5.667545,0.1191057,0,0,0
D02,defoliated,56,20.380612,7.115641,0.1516906,0,0,0
D03,defoliated,0,4.508327,1.651241,0.03105,0,0,0
D03,defoliated,7,5.58579,2.013894,0.04023,0,0,0
D03,defoliated,14,6.798477,2.467818,0.0506173,0,0,0
D03,defoliated,21,7.582286,2.502926,0.050597,1.002568,0.651669,0.0130334
D03,defoliated,28,9.311464,3.139431,0.0640817,0,0,0
D03,defoliated,35,10.693289,3.47153,0.0727257,0.802054,0.501284,0.0100257
D03,defoliated,42,13.072881,4.4101,0.0930665,0,0,0
D03,defoliated,49,15.9331,5.523284,0.1168684,0,0,0
D03,defoliated,56,19.853685,6.917466,0.1490146,0,0,0
D04,defoliated,0,4.729217,1.683219,0.0331683,0,0,0
D04,defoliated,7,5.86942,2.045879,0.0422295,0,0,0
D04,defoliated,14,7.065409,2.650929,0.0531663,0,0,0
D04,defoliated,21,7.93396,2.644262,0.0536735,1.04635,0.680127,0.0136025
D04,defoliated,28,9.726133,3.277698,0.0676419,0,0,0
D04,defoliated,35,11.009892,3.614796,0.0738336,0.83708,0.523175,0.0104635
D04,defoliated,42,13.51932,4.552957,0.0958029,0,0,0
D04,defoliated,49,16.675839,5.792428,0.1219938,0,0,0
D04,defoliated,56,20.805827,7.281203,0.15623,0,0,0
D05,defoliated,0,4.422316,1.61597,0.0314935,0,0,0
D05,defoliated,7,5.340235,1.942327,0.0391307,0,0,0
D05,defoliated,14,6.649872,2.431779,0.0494941,0,0,0
D05,defoliated,21,7.435538,2.457803,0.049504,0.979523,0.63669,0.0127338
D05,defoliated,28,9.007302,3.111431,0.0633088,0,0,0
D05,defoliated,35,10.299635,3.407954,0.0699356,0.783618,0.489761,0.0097952
D05,defoliated,42,12.737716,4.304006,0.0904389,0,0,0
D05,defoliated,49,15.680057,5.380862,0.1136949,0,0,0
D05,defoliated,56,19.426744,6.838822,0.1459276,0,0,0
D06,defoliated,0,4.402371,1.527551,0.0323065,0,0,0
D06,defoliated,7,5.599726,1.947442,0.0401169,0,0,0
D06,defoliated,14,6.866343,2.452799,0.0507023,0,0,0
D06,defoliated,21,7.567273,2.466951,0.0506721,0.987815,0.64208,0.0128416
D06,defoliated,28,8.992642,3.072409,0.0633182,0,0,0
D06,defoliated,35,10.332941,3.421591,0.071309,0.790252,0.493908,0.0098782
D06,defoliated,42,12.812248,4.260293,0.0895691,0,0,0
D06,defoliated,49,15.807775,5.436321,0.1147873,0,0,0
D06,defoliated,56,19.604543,6.825273,0.1470276,0,0,0
D07,defoliated,0,4.376065,1.575091,0.0309484,0,0,0
D07,defoliated,7,5.649383,2.006337,0.0397211,0,0,0
D07,defoliated,14,6.698655,2.580357,0.0500138,0,0,0
D07,defoliated,21,7.408341,2.510099,0.0507212,0.985559,0.640613,0.0128123
D07,defoliated,28,8.989259,3.02538,0.0633463,0,0,0
D07,defoliated,35,10.36132,3.367659,0.0715611,0.788447,0.492779,0.0098556
D07,defoliated,42,12.840979,4.248545,0.0902187,0,0,0
D07,defoliated,49,15.841585,5.427041,0.1145922,0,0,0
D07,defoliated,56,19.524402,6.880032,0.1483483,0,0,0
D08,defoliated,0,4.618613,1.69085,0.033751,0,0,0
D08,defoliated,7,5.849366,2.137251,0.0424175,0,0,0
D08,defoliated,14,7.284055,2.668008,0.0538227,0,0,0
D08,defoliated,21,7.9006,2.655825,0.0523028,1.053027,0.684467,0.0136893
D08,defoliated,28,9.749812,3.268558,0.0675489,0,0,0
D08,defoliated,35,11.084032,3.5508,0.0752901,0.842422,0.526513,0.0105303
D08,defoliated,42,13.612073,4.536442,0.0968901,0,0,0
D08,defoliated,49,16.846029,5.74754,0.1227978,0,0,0
D08,defoliated,56,20.871734,7.400725,0.1563066,0,0,0
D09,defoliated,0,4.37563,1.547123,0.0306331,0,0,0
D09,defoliated,7,5.42994,1.913145,0.038942,0,0,0
D09,defoliated,14,6.690921,2.377043,0.0489261,0,0,0
D09,defoliated,21,7.274306,2.421988,0.0491346,0.965196,0.627378,0.0125476
D09,defoliated,28,8.90714,3.062758,0.0621743,0,0,0
D09,defoliated,35,10.288688,3.295603,0.0696146,0.772157,0.482598,0.009652
D09,defoliated,42,12.415655,4.187455,0.0883334,0,0,0
D09,defoliated,49,15.398955,5.293057,0.1137323,0,0,0
D09,defoliated,56,19.3811,6.683512,0.1448174,0,0,0
D10,defoliated,0,4.620393,1.702769,0.0324128,0,0,0
D10,defoliated,7,5.835818,2.072116,0.0424273,0,0,0
D10,defoliated,14,7.197386,2.61198,0.054048,0,0,0
D10,defoliated,21,7.83974,2.639355,0.0537318,1.041686,0.677096,0.0135419
D10,defoliated,28,9.602433,3.265802,0.0668299,0,0,0
D10,defoliated,35,11.161596,3.554278,0.0755165,0.833349,0.520843,0.0104169
D10,defoliated,42,13.501071,4.485492,0.0966954,0,0,0
D10,defoliated,49,16.686724,5.73817,0.1222837,0,0,0
D10,defoliated,56,20.58982,7.230589,0.1562041,0,0,0
D11,defoliated,0,4.650898,1.647013,0.0325492,0,0,0
D11,defoliated,7,5.760551,2.052658,0.0402755,0,0,0
D11,defoliated,14,7.040385,2.536553,0.0508914,0,0,0
D11,defoliated,21,7.767197,2.566444,0.0525427,1.025461,0.66655,0.013331
D11,defoliated,28,9.405921,3.231966,0.0652333,0,0,0
D11,defoliated,35,10.745893,3.491424,0.0736818,0.820369,0.512731,0.0102546
D11,defoliated,42,13.321228,4.525442,0.0936782,0,0,0
D11,defoliated,49,16.260787,5.63527,0.1193628,0,0,0
D11,defoliated,56,20.25707,7.162178,0.1530436,0,0,0
D12,defoliated,0,4.891255,1.690545,0.0342144,0,0,0
D12,defoliated,7,6.143672,2.188215,0.0425216,0,0,0
D12,defoliated,14,7.442448,2.750412,0.0556232,0,0,0
D12,defoliated,21,8.231669,2.722966,0.0544811,1.07983,0.70189,0.0140378
D12,defoliated,28,9.965188,3.367774,0.0687464,0,0,0
D12,defoliated,35,11.40512,3.704375,0.0783833,0.863864,0.539915,0.0107983
D12,defoliated,42,13.986986,4.681757,0.0994081,0,0,0
D12,defoliated,49,17.325403,5.908966,0.1264151,0,0,0
D12,defoliated,56,21.413309,7.500977,0.1614506,0,0,0
