plant_id,block,water_regime,day,height_cm,projected_leaf_area_m2,spad
C1_1,1,control,7,6.699284,0.001853,35.298812
C1_1,1,control,14,14.518269,0.004895,37.249273
C1_1,1,control,21,29.065772,0.00988,38.427135
C1_1,1,control,28,43.447882,0.015076,39.975535
C1_1,1,control,35,57.271269,0.017561,41.307776
C1_1,1,control,42,55.01498,0.01668,42.084203
C1_2,1,control,7,6.423319,0.002008,37.143486
C1_2,1,control,14,14.605006,0.004856,37.932024
C1_2,1,control,21,28.594635,0.009754,38.136876
C1_2,1,control,28,45.71336,0.014163,39.467378
C1_2,1,control,35,53.366243,0.017981,41.522856
C1_2,1,control,42,58.290669,0.016518,40.832023
C1_3,1,control,7,6.505,0.001862,38.926181
C1_3,1,control,14,14.529893,0.004842,39.06209
C1_3,1,control,21,28.763979,0.009406,39.69937
C1_3,1,control,28,42.308071,0.014884,39.693545
C1_3,1,control,35,52.226995,0.015925,40.856181
C1_3,1,control,42,57.047045,0.017649,43.010199
C1_4,1,control,7,6.523915,0.001813,37.288475
C1_4,1,control,14,15.07582,0.004879,37.918952
C1_4,1,control,21,29.410812,0.010693,39.550138
C1_4,1,control,28,43.709348,0.013991,40.125872
C1_4,1,control,35,51.33657,0.017411,42.323329
C1_4,1,control,42,60.544442,0.016604,43.035024
C2_1,2,control,7,6.844577,0.001924,39.30677
C2_1,2,control,14,14.640256,0.004962,38.253207
C2_1,2,control,21,28.373255,0.009569,38.253646
C2_1,2,control,28,42.562271,0.014391,40.217485
C2_1,2,control,35,51.69122,0.01701,40.801894
C2_1,2,control,42,58.06692,0.016932,41.296732
C2_2,2,control,7,6.479314,0.001734,38.219221
C2_2,2,control,14,14.939643,0.004679,39.665077
C2_2,2,control,21,29.433453,0.008968,39.251601
C2_2,2,control,28,42.354136,0.014822,40.487403
C2_2,2,control,35,56.71875,0.016653,42.31401
C2_2,2,control,42,59.760383,0.018299,41.5462
C2_3,2,control,7,6.329372,0.001975,36.850255
C2_3,2,control,14,15.39287,0.004895,39.063369
C2_3,2,control,21,29.108308,0.009236,39.603353
C2_3,2,control,28,43.626426,0.014343,40.019854
C2_3,2,control,35,56.167281,0.016243,39.531833
C2_3,2,control,42,59.550712,0.017162,42.339463
C2_4,2,control,7,6.339183,0.00178,36.885009
C2_4,2,control,14,15.197648,0.004943,39.284327
C2_4,2,control,21,28.440243,0.009507,38.524436
C2_4,2,control,28,44.93921,0.014765,39.56931
C2_4,2,control,35,53.470808,0.017969,42.144135
C2_4,2,control,42,56.107251,0.01727,41.5916
C3_1,3,control,7,6.598995,0.001859,37.570391
C3_1,3,control,14,15.530491,0.004596,37.397988
C3_1,3,control,21,29.432377,0.010251,40.229881
C3_1,3,control,28,43.830148,0.014657,40.311619
C3_1,3,control,35,53.689194,0.016892,41.581644
C3_1,3,control,42,58.687321,0.017415,43.701074
C3_2,3,control,7,6.482372,0.001903,38.093429
C3_2,3,control,14,14.788388,0.004842,38.370369
C3_2,3,control,21,27.536251,0.010128,38.70176
C3_2,3,control,28,43.636019,0.015023,38.384975
C3_2,3,control,35,52.980479,0.01673,41.4172
C3_2,3,control,42,58.335287,0.017294,41.204781
C3_3,3,control,7,6.603455,0.002045,38.3637
C3_3,3,control,14,15.433692,0.004374,39.339503
C3_3,3,control,21,30.176339,0.009993,41.144335
C3_3,3,control,28,44.956821,0.014814,40.09055
C3_3,3,control,35,54.271759,0.01715,39.053072
C3_3,3,control,42,59.393559,0.018158,41.598716
C3_4,3,control,7,6.532058,0.001722,37.746952
C3_4,3,control,14,15.180375,0.004761,38.39707
C3_4,3,control,21,29.158181,0.009585,40.440309
C3_4,3,control,28,42.547117,0.014185,40.319183
C3_4,3,control,35,50.046492,0.016748,42.483065
C3_4,3,control,42,57.575532,0.017077,41.896107
C4_1,4,control,7,6.436096,0.001734,37.187936
C4_1,4,control,14,15.662585,0.004808,38.377096
C4_1,4,control,21,28.755586,0.008933,38.138275
C4_1,4,control,28,43.791078,0.01423,38.20442
C4_1,4,control,35,55.900317,0.016965,40.359685
C4_1,4,control,42,55.225648,0.018431,41.672899
C4_2,4,control,7,6.476477,0.001874,37.103948
C4_2,4,control,14,15.604124,0.004644,38.935967
C4_2,4,control,21,29.313442,0.009463,38.785837
C4_2,4,control,28,42.99219,0.014565,39.333824
C4_2,4,control,35,53.162542,0.01593,39.493733
C4_2,4,control,42,59.868166,0.016253,41.246293
C4_3,4,control,7,6.46032,0.001989,37.901805
C4_3,4,control,14,14.738994,0.00455,39.066324
C4_3,4,control,21,29.02052,0.009567,37.891076
C4_3,4,control,28,43.287736,0.014858,41.554529
C4_3,4,control,35,56.057501,0.016157,39.961103
C4_3,4,control,42,58.937958,0.018733,42.470778
C4_4,4,control,7,6.475039,0.001966,38.096106
C4_4,4,control,14,14.684837,0.004813,39.613023
C4_4,4,control,21,29.299544,0.009167,39.587115
C4_4,4,control,28,43.331965,0.014156,40.248197
C4_4,4,control,35,53.328504,0.015828,41.94128
C4_4,4,control,42,60.709054,0.016687,41.579221
W1_1,1,water_stress,7,5.047656,0.001357,35.56868
W1_1,1,water_stress,14,12.526603,0.003694,36.39101
W1_1,1,water_stress,21,22.795742,0.007416,36.613362
W1_1,1,water_stress,28,33.21992,0.011188,38.605567
W1_1,1,water_stress,35,40.162887,0.01319,38.071284
W1_1,1,water_stress,42,47.494588,0.013593,38.200472
W1_2,1,water_stress,7,4.995598,0.001378,34.906171
W1_2,1,water_stress,14,11.711633,0.003509,36.540014
W1_2,1,water_stress,21,22.340256,0.007992,35.772503
W1_2,1,water_stress,28,35.32859,0.011404,38.973087
W1_2,1,water_stress,35,43.902887,0.013659,38.115503
W1_2,1,water_stress,42,47.4295,0.013696,39.079851
W1_3,1,water_stress,7,5.197703,0.001338,34.632084
W1_3,1,water_stress,14,11.865084,0.003886,35.733252
W1_3,1,water_stress,21,23.008403,0.007265,35.906214
W1_3,1,water_stress,28,35.438179,0.01145,37.596572
W1_3,1,water_stress,35,42.333917,0.012818,38.879245
W1_3,1,water_stress,42,46.621204,0.012861,39.941886
W1_4,1,water_stress,7,5.180569,0.001423,33.629286
W1_4,1,water_stress,14,11.878912,0.003883,36.636461
W1_4,1,water_stress,21,23.277568,0.006886,36.970547
W1_4,1,water_stress,28,34.067519,0.011033,38.005755
W1_4,1,water_stress,35,42.456097,0.013821,38.212382
W1_4,1,water_stress,42,46.42921,0.013535,37.673463
W2_1,2,water_stress,7,5.259341,0.001439,35.235678
W2_1,2,water_stress,14,11.901436,0.003678,36.610875
W2_1,2,water_stress,21,22.620954,0.006952,36.695942
W2_1,2,water_stress,28,34.502354,0.011087,36.277448
W2_1,2,water_stress,35,40.528201,0.012884,38.170792
W2_1,2,water_stress,42,48.295546,0.013284,40.078823
W2_2,2,water_stress,7,5.130045,0.001428,34.663734
W2_2,2,water_stress,14,11.828453,0.003602,34.592489
W2_2,2,water_stress,21,23.092754,0.008143,36.741489
W2_2,2,water_stress,28,33.810308,0.010537,37.798559
W2_2,2,water_stress,35,42.751631,0.01242,35.744641
W2_2,2,water_stress,42,46.344771,0.01414,40.65301
W2_3,2,water_stress,7,5.264729,0.001406,34.447089
W2_3,2,water_stress,14,11.8845,0.003644,34.673937
W2_3,2,water_stress,21,22.961076,0.007609,35.604076
W2_3,2,water_stress,28,33.697598,0.01042,37.702167
W2_3,2,water_stress,35,40.891462,0.013121,38.549229
W2_3,2,water_stress,42,46.192071,0.013368,40.366955
W2_4,2,water_stress,7,4.783627,0.001479,35.29216
W2_4,2,water_stress,14,11.724764,0.003842,34.69037
W2_4,2,water_stress,21,22.590921,0.008123,35.44645
W2_4,2,water_stress,28,34.208528,0.010686,37.794175
W2_4,2,water_stress,35,44.070074,0.012366,38.998377
W2_4,2,water_stress,42,47.083815,0.013539,38.352759
W3_1,3,water_stress,7,5.279972,0.001337,34.050271
W3_1,3,water_stress,14,12.199277,0.003804,34.667577
W3_1,3,water_stress,21,21.760823,0.007767,37.68203
W3_1,3,water_stress,28,33.104469,0.010876,37.481168
W3_1,3,water_stress,35,42.08264,0.011718,34.9971
W3_1,3,water_stress,42,47.066801,0.013226,38.809037
W3_2,3,water_stress,7,5.231409,0.001356,35.944823
W3_2,3,water_stress,14,12.399288,0.003585,36.445633
W3_2,3,water_stress,21,23.084025,0.007885,34.368119
W3_2,3,water_stress,28,32.037969,0.011057,36.902691
W3_2,3,water_stress,35,41.576405,0.012584,39.350856
W3_2,3,water_stress,42,45.91266,0.013836,39.562809
W3_3,3,water_stress,7,5.295249,0.001344,34.673143
W3_3,3,water_stress,14,12.156431,0.003995,35.240627
W3_3,3,water_stress,21,23.041737,0.007499,37.478621
W3_3,3,water_stress,28,34.785338,0.011001,37.56941
W3_3,3,water_stress,35,43.462473,0.011724,39.925024
W3_3,3,water_stress,42,44.420684,0.013558,38.488569
W3_4,3,water_stress,7,4.98722,0.00143,36.407837
W3_4,3,water_stress,14,11.392712,0.00375,36.947338
W3_4,3,water_stress,21,22.290285,0.007793,36.22351
W3_4,3,water_stress,28,35.665299,0.011835,37.953651
W3_4,3,water_stress,35,40.51846,0.013024,36.921931
W3_4,3,water_stress,42,47.190444,0.013455,39.018071
W4_1,4,water_stress,7,5.093705,0.001395,35.576552
W4_1,4,water_stress,14,12.538172,0.003895,34.416608
W4_1,4,water_stress,21,23.448128,0.006832,36.049215
W4_1,4,water_stress,28,34.978166,0.010223,36.308022
W4_1,4,water_stress,35,42.985798,0.013284,39.066187
W4_1,4,water_stress,42,47.74817,0.013215,38.651389
W4_2,4,water_stress,7,5.190465,0.001489,34.190893
W4_2,4,water_stress,14,11.584182,0.003753,35.257183
W4_2,4,water_stress,21,22.559453,0.007823,35.84467
W4_2,4,water_stress,28,35.087432,0.011921,38.674905
W4_2,4,water_stress,35,42.71465,0.013098,38.031374
W4_2,4,water_stress,42,47.086972,0.013203,39.690654
W4_3,4,water_stress,7,5.172773,0.001528,33.837011
W4_3,4,water_stress,14,11.883417,0.003745,36.499214
W4_3,4,water_stress,21,22.632898,0.007745,38.437913
W4_3,4,water_stress,28,34.953997,0.010935,36.633691
W4_3,4,water_stress,35,42.433943,0.013154,38.69378
W4_3,4,water_stress,42,47.618877,0.013655,38.534928
W4_4,4,water_stress,7,5.123311,0.001407,35.306719
W4_4,4,water_stress,14,12.253117,0.003791,33.754488
W4_4,4,water_stress,21,23.44913,0.007252,36.285767
W4_4,4,water_stress,28,33.757226,0.010732,37.167889
W4_4,4,water_stress,35,41.752184,0.013903,38.052014
W4_4,4,water_stress,42,46.628022,0.012952,39.07152
