plant_id,treatment,day,biomass_g
C01,control,0,0
C01,control,12,5.08674
C01,control,24,16.79296
C01,control,36,44.78427
C01,control,48,60.85161
C01,control,60,67.28447
C01,control,72,83.35824
C01,control,84,107.84557
C01,control,96,143.52615
C01,control,108,165.80042
C01,control,120,177.60933
C01,control,132,182.96263
C01,control,144,182.07118
C02,control,0,0
C02,control,12,3.14602
C02,control,24,20.09111
C02,control,36,47.716
C02,control,48,66.15483
C02,control,60,68.03636
C02,control,72,90.48617
C02,control,84,121.75335
C02,control,96,150.25355
C02,control,108,175.10093
C02,control,120,191.78799
C02,control,132,195.64176
C02,control,144,196.58419
C03,control,0,4.19764
C03,control,12,8.78472
C03,control,24,23.91042
C03,control,36,48.8724
C03,control,48,64.14631
C03,control,60,71.85321
C03,control,72,89.17831
C03,control,84,118.00431
C03,control,96,151.26608
C03,control,108,177.04204
C03,control,120,191.29691
C03,control,132,194.25954
C03,control,144,195.5026
C04,control,0,2.94625
C04,control,12,3.31033
C04,control,24,22.03338
C04,control,36,44.71713
C04,control,48,65.58007
C04,control,60,78.8194
C04,control,72,88.8099
C04,control,84,120.72743
C04,control,96,153.39677
C04,control,108,174.23646
C04,control,120,190.38671
C04,control,132,190.32396
C04,control,144,195.08041
C05,control,0,0
C05,control,12,6.478
C05,control,24,23.39289
C05,control,36,49.43847
C05,control,48,64.19816
C05,control,60,77.33914
C05,control,72,91.38481
C05,control,84,120.90815
C05,control,96,156.47585
C05,control,108,181.0902
C05,control,120,191.50621
C05,control,132,195.90323
C05,control,144,200.09465
C06,control,0,2.92089
C06,control,12,8.5586
C06,control,24,20.85322
C06,control,36,46.12414
C06,control,48,62.64467
C06,control,60,68.85413
C06,control,72,93.05879
C06,control,84,120.96163
C06,control,96,150.20704
C06,control,108,176.2998
C06,control,120,184.97645
C06,control,132,192.12871
C06,control,144,195.32173
C07,control,0,0
C07,control,12,7.09733
C07,control,24,23.56846
C07,control,36,50.30378
C07,control,48,70.68257
C07,control,60,77.34091
C07,control,72,96.90108
C07,control,84,125.71634
C07,control,96,157.63514
C07,control,108,189.31968
C07,control,120,198.52084
C07,control,132,200.97447
C07,control,144,205.32753
C08,control,0,3.00702
C08,control,12,7.25126
C08,control,24,19.77484
C08,control,36,43.74982
C08,control,48,64.22916
C08,control,60,67.89698
C08,control,72,85.48782
C08,control,84,114.22428
C08,control,96,143.54683
C08,control,108,168.53819
C08,control,120,179.8342
C08,control,132,181.97053
C08,control,144,182.57562
S01,stress,0,0
S01,stress,12,3.9238
S01,stress,24,13.00536
S01,stress,36,30.81182
S01,stress,48,49.68291
S01,stress,60,56.62426
S01,stress,72,66.21461
S01,stress,84,86.02792
S01,stress,96,101.40838
S01,stress,108,116.92386
S01,stress,120,136.63056
S01,stress,132,141.5011
S01,stress,144,146.80768
S02,stress,0,2.88571
S02,stress,12,0.42456
S02,stress,24,13.64156
S02,stress,36,34.68279
S02,stress,48,56.26623
S02,stress,60,65.46228
S02,stress,72,72.71168
S02,stress,84,90.81158
S02,stress,96,108.16804
S02,stress,108,131.70551
S02,stress,120,143.28228
S02,stress,132,150.84856
S02,stress,144,159.46901
S03,stress,0,0
S03,stress,12,6.6734
S03,stress,24,18.4155
S03,stress,36,40.1887
S03,stress,48,56.30106
S03,stress,60,67.62116
S03,stress,72,78.34945
S03,stress,84,94.22961
S03,stress,96,114.41422
S03,stress,108,135.24979
S03,stress,120,153.07866
S03,stress,132,165.18022
S03,stress,144,165.38178
S04,stress,0,2.13446
S04,stress,12,5.32801
S04,stress,24,20.25677
S04,stress,36,37.88714
S04,stress,48,62.09732
S04,stress,60,66.85016
S04,stress,72,79.40422
S04,stress,84,90.65115
S04,stress,96,115.02735
S04,stress,108,137.94366
S04,stress,120,154.30705
S04,stress,132,167.04162
S04,stress,144,170.20803
S05,stress,0,1.40621
S05,stress,12,2.07504
S05,stress,24,15.10046
S05,stress,36,35.5254
S05,stress,48,56.9285
S05,stress,60,69.10143
S05,stress,72,77.80194
S05,stress,84,90.53823
S05,stress,96,110.90467
S05,stress,108,136.31956
S05,stress,120,149.22115
S05,stress,132,163.60652
S05,stress,144,162.54116
S06,stress,0,2.69904
S06,stress,12,7.04583
S06,stress,24,16.91909
S06,stress,36,34.08662
S06,stress,48,52.6148
S06,stress,60,62.35991
S06,stress,72,71.64412
S06,stress,84,83.58595
S06,stress,96,107.19657
S06,stress,108,128.36554
S06,stress,120,141.38637
S06,stress,132,154.8198
S06,stress,144,158.14899
S07,stress,0,4.84406
S07,stress,12,3.22951
S07,stress,24,16.7659
S07,stress,36,39.01397
S07,stress,48,54.84097
S07,stress,60,63.41448
S07,stress,72,75.60257
S07,stress,84,91.44942
S07,stress,96,113.33028
S07,stress,108,141.26723
S07,stress,120,148.49788
S07,stress,132,163.8192
S07,stress,144,167.73301
S08,stress,0,2.69698
S08,stress,12,4.44998
S08,stress,24,16.07875
S08,stress,36,38.52605
S08,stress,48,55.20485
S08,stress,60,65.74897
S08,stress,72,74.34703
S08,stress,84,90.17259
S08,stress,96,108.59863
S08,stress,108,133.18164
S08,stress,120,150.93907
S08,stress,132,161.86633
S08,stress,144,165.56093
