plot_id,block,nitrogen,day,harvest_unit,ground_area_m2,total_mass_g,leaf_area_m2,leaf_mass_g,root_mass_g,stem_mass_g,reproductive_mass_g
B1_N0,1,N0,14,B1_N0_D14_Q1,0.25,10.285235,0.109638,4.422966,2.522794,3.339475,0.0
B1_N0,1,N0,14,B1_N0_D14_Q2,0.25,9.834112,0.10634,4.377532,2.311107,3.145473,0.0
B1_N0,1,N0,28,B1_N0_D28_Q1,0.25,24.75672,0.231483,9.886367,5.604985,9.265368,0.0
B1_N0,1,N0,28,B1_N0_D28_Q2,0.25,27.395226,0.261369,10.895055,6.437284,10.062888,0.0
B1_N0,1,N0,42,B1_N0_D42_Q1,0.25,60.612929,0.478634,21.582443,12.963099,26.067387,0.0
B1_N0,1,N0,42,B1_N0_D42_Q2,0.25,61.253118,0.466373,21.272054,13.038531,26.942534,0.0
B1_N0,1,N0,56,B1_N0_D56_Q1,0.25,117.354068,0.71348,35.34452,22.69264,49.860429,9.45648
B1_N0,1,N0,56,B1_N0_D56_Q2,0.25,117.405127,0.713373,35.021814,21.578673,51.172326,9.632314
B1_N0,1,N0,70,B1_N0_D70_Q1,0.25,178.458576,0.865989,44.757602,32.1505,66.507649,35.042824
B1_N0,1,N0,70,B1_N0_D70_Q2,0.25,188.218787,0.96415,51.646131,32.053603,64.332731,40.186321
B1_N0,1,N0,84,B1_N0_D84_Q1,0.25,219.431761,0.793505,45.246135,34.97627,67.162499,72.046857
B1_N0,1,N0,84,B1_N0_D84_Q2,0.25,240.99808,0.909074,50.233227,37.407784,71.461872,81.895198
B1_N80,1,N80,14,B1_N80_D14_Q1,0.25,12.350565,0.146118,5.701232,3.057325,3.592008,0.0
B1_N80,1,N80,14,B1_N80_D14_Q2,0.25,14.092525,0.157328,6.241212,3.50192,4.349393,0.0
B1_N80,1,N80,28,B1_N80_D28_Q1,0.25,41.64933,0.414877,17.094365,9.395287,15.159678,0.0
B1_N80,1,N80,28,B1_N80_D28_Q2,0.25,38.128994,0.381097,16.042603,8.72649,13.359901,0.0
B1_N80,1,N80,42,B1_N80_D42_Q1,0.25,95.404528,0.78252,34.737971,19.678691,40.987865,0.0
B1_N80,1,N80,42,B1_N80_D42_Q2,0.25,102.677486,0.839904,37.175506,20.898447,44.603533,0.0
B1_N80,1,N80,56,B1_N80_D56_Q1,0.25,186.179309,1.308306,60.777995,36.366304,74.679369,14.355641
B1_N80,1,N80,56,B1_N80_D56_Q2,0.25,190.43332,1.328583,62.086731,36.385797,77.466701,14.494092
B1_N80,1,N80,70,B1_N80_D70_Q1,0.25,269.080788,1.43747,77.520618,49.275609,82.664376,59.620184
B1_N80,1,N80,70,B1_N80_D70_Q2,0.25,261.218926,1.527257,74.951175,45.801404,88.200691,52.265656
B1_N80,1,N80,84,B1_N80_D84_Q1,0.25,313.211767,1.35573,71.917297,48.903963,80.953435,111.437072
B1_N80,1,N80,84,B1_N80_D84_Q2,0.25,317.733474,1.395481,74.671128,51.658311,84.803306,106.600729
B1_N160,1,N160,14,B1_N160_D14_Q1,0.25,16.345252,0.208406,7.926797,3.757002,4.661453,0.0
B1_N160,1,N160,14,B1_N160_D14_Q2,0.25,15.768829,0.200027,7.667205,3.724909,4.376715,0.0
B1_N160,1,N160,28,B1_N160_D28_Q1,0.25,53.380279,0.587117,23.524532,12.175193,17.680554,0.0
B1_N160,1,N160,28,B1_N160_D28_Q2,0.25,51.227995,0.563676,22.205745,11.477295,17.544955,0.0
B1_N160,1,N160,42,B1_N160_D42_Q1,0.25,139.434465,1.316017,56.035217,28.489675,54.909573,0.0
B1_N160,1,N160,42,B1_N160_D42_Q2,0.25,137.490192,1.266083,54.456656,29.319104,53.714432,0.0
B1_N160,1,N160,56,B1_N160_D56_Q1,0.25,236.250735,1.971577,84.556062,45.556044,87.600967,18.537661
B1_N160,1,N160,56,B1_N160_D56_Q2,0.25,237.844277,1.837077,80.772656,45.36493,94.159109,17.547582
B1_N160,1,N160,70,B1_N160_D70_Q1,0.25,346.146467,2.134709,108.015874,63.666152,95.140265,79.324176
B1_N160,1,N160,70,B1_N160_D70_Q2,0.25,346.265723,2.126687,103.358868,61.69405,105.919212,75.293593
B1_N160,1,N160,84,B1_N160_D84_Q1,0.25,398.542461,1.881713,101.166555,64.077698,97.011306,136.286902
B1_N160,1,N160,84,B1_N160_D84_Q2,0.25,391.921174,2.030587,103.193184,63.04451,99.044876,126.638604
B2_N0,2,N0,14,B2_N0_D14_Q1,0.25,9.414573,0.098056,4.118151,2.371886,2.924536,0.0
B2_N0,2,N0,14,B2_N0_D14_Q2,0.25,9.780112,0.107664,4.228367,2.365431,3.186314,0.0
B2_N0,2,N0,28,B2_N0_D28_Q1,0.25,24.819648,0.231489,9.899696,5.854101,9.06585,0.0
B2_N0,2,N0,28,B2_N0_D28_Q2,0.25,26.384585,0.2418,10.611874,5.746061,10.02665,0.0
B2_N0,2,N0,42,B2_N0_D42_Q1,0.25,64.859347,0.470968,21.923587,13.13128,29.80448,0.0
B2_N0,2,N0,42,B2_N0_D42_Q2,0.25,61.670958,0.474954,21.293479,13.230298,27.147181,0.0
B2_N0,2,N0,56,B2_N0_D56_Q1,0.25,125.285277,0.766659,37.824017,23.08499,54.073768,10.302503
B2_N0,2,N0,56,B2_N0_D56_Q2,0.25,132.649085,0.838027,39.25106,25.451646,57.44787,10.498509
B2_N0,2,N0,70,B2_N0_D70_Q1,0.25,192.939081,0.936607,48.73742,33.355817,67.41191,43.433934
B2_N0,2,N0,70,B2_N0_D70_Q2,0.25,196.691201,0.963873,51.212137,34.54274,70.805455,40.130869
B2_N0,2,N0,84,B2_N0_D84_Q1,0.25,214.706986,0.771058,44.157599,34.097145,66.32433,70.127911
B2_N0,2,N0,84,B2_N0_D84_Q2,0.25,223.413604,0.844065,46.224429,35.124896,65.140973,76.923306
B2_N80,2,N80,14,B2_N80_D14_Q1,0.25,13.19372,0.154977,6.006626,3.330003,3.857091,0.0
B2_N80,2,N80,14,B2_N80_D14_Q2,0.25,13.621023,0.164902,6.518265,3.299031,3.803727,0.0
B2_N80,2,N80,28,B2_N80_D28_Q1,0.25,40.936614,0.402194,16.775224,9.258192,14.903198,0.0
B2_N80,2,N80,28,B2_N80_D28_Q2,0.25,42.903527,0.41656,17.368392,9.848346,15.68679,0.0
B2_N80,2,N80,42,B2_N80_D42_Q1,0.25,103.067217,0.871244,38.014729,22.342749,42.709739,0.0
B2_N80,2,N80,42,B2_N80_D42_Q2,0.25,95.044784,0.795876,35.417832,19.522829,40.104123,0.0
B2_N80,2,N80,56,B2_N80_D56_Q1,0.25,175.822273,1.226902,58.281237,34.470248,68.430596,14.640193
B2_N80,2,N80,56,B2_N80_D56_Q2,0.25,183.206406,1.294372,60.691934,35.251342,71.615659,15.647471
B2_N80,2,N80,70,B2_N80_D70_Q1,0.25,274.056747,1.57471,77.881464,47.820804,87.666011,60.688468
B2_N80,2,N80,70,B2_N80_D70_Q2,0.25,269.472794,1.479704,75.032867,46.31979,90.664067,57.45607
B2_N80,2,N80,84,B2_N80_D84_Q1,0.25,292.772806,1.238833,67.119286,47.555919,76.280842,101.816759
B2_N80,2,N80,84,B2_N80_D84_Q2,0.25,306.595883,1.368554,72.716775,46.512012,87.420774,99.946321
B2_N160,2,N160,14,B2_N160_D14_Q1,0.25,15.230501,0.196425,7.463977,3.740658,4.025866,0.0
B2_N160,2,N160,14,B2_N160_D14_Q2,0.25,15.9797,0.197234,7.576613,3.855811,4.547276,0.0
B2_N160,2,N160,28,B2_N160_D28_Q1,0.25,51.288859,0.568766,22.395629,11.591692,17.301537,0.0
B2_N160,2,N160,28,B2_N160_D28_Q2,0.25,52.610991,0.569644,22.618763,11.714303,18.277925,0.0
B2_N160,2,N160,42,B2_N160_D42_Q1,0.25,137.576591,1.2893,55.116292,28.477442,53.982857,0.0
B2_N160,2,N160,42,B2_N160_D42_Q2,0.25,124.642571,1.187445,50.432069,25.269165,48.941337,0.0
B2_N160,2,N160,56,B2_N160_D56_Q1,0.25,268.377705,2.132675,95.513196,52.933538,98.738296,21.192676
B2_N160,2,N160,56,B2_N160_D56_Q2,0.25,269.862813,2.077171,93.724372,51.496655,102.956445,21.685341
B2_N160,2,N160,70,B2_N160_D70_Q1,0.25,347.328768,2.095875,107.469845,63.066642,94.625447,82.166834
B2_N160,2,N160,70,B2_N160_D70_Q2,0.25,348.410811,2.259064,108.987777,57.829294,106.311328,75.282411
B2_N160,2,N160,84,B2_N160_D84_Q1,0.25,370.423318,1.904333,96.808636,60.924304,89.401673,123.288704
B2_N160,2,N160,84,B2_N160_D84_Q2,0.25,350.847902,1.686801,90.981518,54.822754,80.334293,124.709337
B3_N0,3,N0,14,B3_N0_D14_Q1,0.25,9.092892,0.10405,4.186306,2.143299,2.763288,0.0
B3_N0,3,N0,14,B3_N0_D14_Q2,0.25,9.594998,0.097952,4.047605,2.337437,3.209956,0.0
B3_N0,3,N0,28,B3_N0_D28_Q1,0.25,27.337596,0.247437,10.65651,5.994965,10.686121,0.0
B3_N0,3,N0,28,B3_N0_D28_Q2,0.25,27.581371,0.255875,10.974683,6.358777,10.247911,0.0
B3_N0,3,N0,42,B3_N0_D42_Q1,0.25,62.453257,0.467943,21.123389,12.624782,28.705086,0.0
B3_N0,3,N0,42,B3_N0_D42_Q2,0.25,59.31257,0.453438,20.525661,12.535141,26.251768,0.0
B3_N0,3,N0,56,B3_N0_D56_Q1,0.25,119.869978,0.751929,37.175352,23.313425,50.223592,9.157609
B3_N0,3,N0,56,B3_N0_D56_Q2,0.25,124.593204,0.747023,37.397595,23.85784,53.415875,9.921894
B3_N0,3,N0,70,B3_N0_D70_Q1,0.25,215.035802,1.048845,53.989127,37.517916,75.767866,47.760893
B3_N0,3,N0,70,B3_N0_D70_Q2,0.25,186.852264,0.914868,48.635246,33.7264,62.723809,41.766809
B3_N0,3,N0,84,B3_N0_D84_Q1,0.25,233.202776,0.834084,47.83691,37.201939,70.720628,77.4433
B3_N0,3,N0,84,B3_N0_D84_Q2,0.25,222.275106,0.767999,46.172427,33.990836,67.614377,74.497464
B3_N80,3,N80,14,B3_N80_D14_Q1,0.25,13.231355,0.159562,6.163047,3.415824,3.652485,0.0
B3_N80,3,N80,14,B3_N80_D14_Q2,0.25,14.454032,0.16395,6.491275,3.427039,4.535718,0.0
B3_N80,3,N80,28,B3_N80_D28_Q1,0.25,36.983177,0.35522,14.925926,8.270549,13.786702,0.0
B3_N80,3,N80,28,B3_N80_D28_Q2,0.25,36.754502,0.365133,15.508921,8.364373,12.881209,0.0
B3_N80,3,N80,42,B3_N80_D42_Q1,0.25,93.449128,0.774729,34.25694,19.910447,39.281741,0.0
B3_N80,3,N80,42,B3_N80_D42_Q2,0.25,89.632488,0.767227,32.787417,18.479529,38.365542,0.0
B3_N80,3,N80,56,B3_N80_D56_Q1,0.25,180.35228,1.221373,56.517371,34.230924,74.069536,15.53445
B3_N80,3,N80,56,B3_N80_D56_Q2,0.25,194.9436,1.332882,62.686352,37.835169,78.583837,15.838242
B3_N80,3,N80,70,B3_N80_D70_Q1,0.25,284.490321,1.682394,81.500922,50.550226,85.696734,66.742439
B3_N80,3,N80,70,B3_N80_D70_Q2,0.25,282.94616,1.51815,75.842737,50.923601,95.165566,61.014256
B3_N80,3,N80,84,B3_N80_D84_Q1,0.25,280.523687,1.225284,64.327278,45.008354,78.719877,92.468179
B3_N80,3,N80,84,B3_N80_D84_Q2,0.25,289.21226,1.201395,66.438672,47.205266,85.245206,90.323116
B3_N160,3,N160,14,B3_N160_D14_Q1,0.25,15.406147,0.204323,7.657595,3.891413,3.857139,0.0
B3_N160,3,N160,14,B3_N160_D14_Q2,0.25,14.758382,0.186417,7.038056,3.565713,4.154613,0.0
B3_N160,3,N160,28,B3_N160_D28_Q1,0.25,49.544268,0.522488,20.902205,11.359082,17.282981,0.0
B3_N160,3,N160,28,B3_N160_D28_Q2,0.25,47.506971,0.536591,21.131003,10.77453,15.601437,0.0
B3_N160,3,N160,42,B3_N160_D42_Q1,0.25,140.718635,1.286456,55.76642,29.433535,55.518679,0.0
B3_N160,3,N160,42,B3_N160_D42_Q2,0.25,138.225463,1.224768,53.901055,29.191289,55.133119,0.0
B3_N160,3,N160,56,B3_N160_D56_Q1,0.25,277.277016,2.099752,97.697061,52.373153,105.010908,22.195894
B3_N160,3,N160,56,B3_N160_D56_Q2,0.25,251.234971,1.975814,90.615614,47.997045,91.947951,20.67436
B3_N160,3,N160,70,B3_N160_D70_Q1,0.25,349.419631,2.209228,110.503425,65.43754,96.242909,77.235757
B3_N160,3,N160,70,B3_N160_D70_Q2,0.25,369.931868,2.317391,110.51953,64.825492,108.392339,86.194508
B3_N160,3,N160,84,B3_N160_D84_Q1,0.25,374.344015,1.840067,97.363042,57.891258,90.913665,128.176049
B3_N160,3,N160,84,B3_N160_D84_Q2,0.25,383.668736,1.929112,99.075435,59.480482,101.544908,123.56791
B4_N0,4,N0,14,B4_N0_D14_Q1,0.25,9.697515,0.096905,4.14105,2.424649,3.131817,0.0
B4_N0,4,N0,14,B4_N0_D14_Q2,0.25,8.766176,0.095102,3.899021,2.123057,2.744098,0.0
B4_N0,4,N0,28,B4_N0_D28_Q1,0.25,25.942477,0.239019,10.082414,5.764726,10.095337,0.0
B4_N0,4,N0,28,B4_N0_D28_Q2,0.25,26.742357,0.237236,10.388021,5.940757,10.413579,0.0
B4_N0,4,N0,42,B4_N0_D42_Q1,0.25,67.394608,0.507643,23.041384,13.771556,30.581668,0.0
B4_N0,4,N0,42,B4_N0_D42_Q2,0.25,62.058833,0.458978,21.375128,13.275671,27.408034,0.0
B4_N0,4,N0,56,B4_N0_D56_Q1,0.25,111.540993,0.662716,32.149825,20.727487,49.902182,8.761499
B4_N0,4,N0,56,B4_N0_D56_Q2,0.25,118.756155,0.75429,36.621663,23.310372,48.993657,9.830462
B4_N0,4,N0,70,B4_N0_D70_Q1,0.25,183.747715,0.857549,47.013979,32.19508,62.030217,42.508439
B4_N0,4,N0,70,B4_N0_D70_Q2,0.25,191.935143,0.93886,48.480357,32.884814,66.583978,43.985994
B4_N0,4,N0,84,B4_N0_D84_Q1,0.25,210.341401,0.808603,44.528545,34.937003,59.1169,71.758954
B4_N0,4,N0,84,B4_N0_D84_Q2,0.25,224.168509,0.8309,46.521267,35.877042,65.563937,76.206264
B4_N80,4,N80,14,B4_N80_D14_Q1,0.25,13.44493,0.155916,6.281667,3.236269,3.926993,0.0
B4_N80,4,N80,14,B4_N80_D14_Q2,0.25,13.192347,0.157075,6.155312,3.2988,3.738235,0.0
B4_N80,4,N80,28,B4_N80_D28_Q1,0.25,37.40895,0.387896,15.757884,8.724368,12.926698,0.0
B4_N80,4,N80,28,B4_N80_D28_Q2,0.25,38.918183,0.399296,16.940989,8.87191,13.105283,0.0
B4_N80,4,N80,42,B4_N80_D42_Q1,0.25,101.973381,0.81044,37.8011,20.45616,43.71612,0.0
B4_N80,4,N80,42,B4_N80_D42_Q2,0.25,101.005114,0.938617,39.417292,21.912154,39.675668,0.0
B4_N80,4,N80,56,B4_N80_D56_Q1,0.25,186.371611,1.277948,59.224812,35.859707,76.509766,14.777326
B4_N80,4,N80,56,B4_N80_D56_Q2,0.25,202.335351,1.390959,64.65796,37.582988,83.268878,16.825526
B4_N80,4,N80,70,B4_N80_D70_Q1,0.25,261.53576,1.465596,74.814819,46.714381,84.570285,55.436275
B4_N80,4,N80,70,B4_N80_D70_Q2,0.25,269.945758,1.472904,77.394853,47.434421,84.253607,60.862877
B4_N80,4,N80,84,B4_N80_D84_Q1,0.25,302.837484,1.30529,68.481616,50.861752,85.670073,97.824043
B4_N80,4,N80,84,B4_N80_D84_Q2,0.25,302.404169,1.348154,72.899218,47.071641,77.221267,105.212042
B4_N160,4,N160,14,B4_N160_D14_Q1,0.25,15.380091,0.19387,7.617104,3.776286,3.986701,0.0
B4_N160,4,N160,14,B4_N160_D14_Q2,0.25,15.403548,0.202624,7.678434,3.730423,3.994691,0.0
B4_N160,4,N160,28,B4_N160_D28_Q1,0.25,46.662481,0.531257,21.141783,10.322359,15.19834,0.0
B4_N160,4,N160,28,B4_N160_D28_Q2,0.25,53.272603,0.535658,22.046315,12.673828,18.552461,0.0
B4_N160,4,N160,42,B4_N160_D42_Q1,0.25,140.770344,1.350458,56.688284,29.493193,54.588867,0.0
B4_N160,4,N160,42,B4_N160_D42_Q2,0.25,140.579317,1.293465,55.842909,28.186287,56.550121,0.0
B4_N160,4,N160,56,B4_N160_D56_Q1,0.25,243.717766,1.812616,82.592212,46.687408,95.844873,18.593273
B4_N160,4,N160,56,B4_N160_D56_Q2,0.25,272.619458,2.119229,97.777004,52.767687,99.041164,23.033603
B4_N160,4,N160,70,B4_N160_D70_Q1,0.25,335.965786,2.11462,100.514258,60.461378,102.939474,72.050676
B4_N160,4,N160,70,B4_N160_D70_Q2,0.25,337.192856,2.071866,103.204965,61.152047,97.301951,75.533893
B4_N160,4,N160,84,B4_N160_D84_Q1,0.25,376.223912,1.77531,94.506657,60.452531,90.85127,130.413454
B4_N160,4,N160,84,B4_N160_D84_Q2,0.25,394.73446,1.891157,101.395889,63.435515,106.216438,123.686617
