nitrogen,replicate,density_plants_m2,plant_mass_g,stand_biomass_g_m2
low,1,4,41.58814,166.35257
low,2,4,42.30249,169.20996
low,3,4,40.02287,160.09146
low,4,4,41.66318,166.65273
low,1,8,29.60683,236.85465
low,2,8,27.60583,220.84666
low,3,8,27.50619,220.04952
low,4,8,29.57311,236.58488
low,1,12,23.09152,277.0982
low,2,12,23.93559,287.2271
low,3,12,23.46201,281.54407
low,4,12,21.53695,258.44335
low,1,16,20.02396,320.38335
low,2,16,18.9398,303.03672
low,3,16,19.55091,312.81453
low,4,16,20.6235,329.97601
high,1,4,57.0166,228.06638
high,2,4,55.54759,222.19037
high,3,4,53.67386,214.69542
high,4,4,56.44254,225.77018
high,1,8,39.61741,316.93931
high,2,8,41.64194,333.13549
high,3,8,40.9042,327.23363
high,4,8,38.50409,308.03269
high,1,12,31.23982,374.87786
high,2,12,32.00777,384.09324
high,3,12,33.14795,397.77537
high,4,12,30.81175,369.74098
high,1,16,26.15823,418.53168
high,2,16,26.6351,426.16164
high,3,16,24.51441,392.23062
high,4,16,25.96602,415.45635
