plant_id,block,water_regime,day,projected_canopy_area_m2,height_cm
WE_B1_1,1,well_watered,0,0.0037592358979052195,2.5936552663078443
WE_B1_1,1,well_watered,14,0.009701271201204587,13.972639652234005
WE_B1_1,1,well_watered,28,0.038435515774600616,40.24617631141088
WE_B1_1,1,well_watered,35,0.061689482078471775,51.10142964269486
WE_B1_1,1,well_watered,42,0.07631471283850501,66.0442689592013
WE_B1_1,1,well_watered,49,0.08344065531688634,70.05124551730658
WE_B1_1,1,well_watered,56,0.0852390115102674,76.11864560376377
WE_B1_1,1,well_watered,63,0.08719326969115086,74.20657514576986
WE_B1_1,1,well_watered,70,0.08705326636628302,77.61566008168342
WE_B1_2,1,well_watered,0,0.0002,1.0
WE_B1_2,1,well_watered,7,0.005129115909747759,1.0
WE_B1_2,1,well_watered,28,0.03311028053021083,31.66516106058505
WE_B1_2,1,well_watered,49,0.0960464475143836,66.92854655072722
WE_B1_2,1,well_watered,56,0.0869326886599919,72.71327926988623
WE_B1_2,1,well_watered,63,0.09076637541147332,74.4435802122597
WE_B1_2,1,well_watered,70,0.0940366828240655,75.63270235883913
WE_B1_3,1,well_watered,0,0.0011730916837560217,3.0155057531180525
WE_B1_3,1,well_watered,7,0.0033263020967268467,6.071553619601883
WE_B1_3,1,well_watered,14,0.00135751092181856,9.7810752507483
WE_B1_3,1,well_watered,21,0.011177989783447966,18.84545541946724
WE_B1_3,1,well_watered,28,0.023918461300615708,29.323398746593003
WE_B1_3,1,well_watered,63,0.08369233128829287,74.74708805800819
WE_B1_3,1,well_watered,70,0.08465231444751282,77.88305869484576
WE_B1_4,1,well_watered,0,0.0002,1.6104657400898958
WE_B1_4,1,well_watered,7,0.00036795168121051425,3.773446800873911
WE_B1_4,1,well_watered,14,0.0066411363552947335,6.179158697673257
WE_B1_4,1,well_watered,21,0.014068941829218086,15.39228901515307
WE_B1_4,1,well_watered,28,0.02579071851825165,27.90513814840122
WE_B1_4,1,well_watered,35,0.040965064374233584,45.03175910653581
WE_B1_4,1,well_watered,42,0.06389887741911002,60.30661390986308
WE_B1_4,1,well_watered,70,0.09434212442549536,77.36754929676489
WE_B1_5,1,well_watered,0,0.0002,1.0
WE_B1_5,1,well_watered,21,0.017004918668339645,17.588838671059857
WE_B1_5,1,well_watered,28,0.03080917636792679,28.46868174332205
WE_B1_5,1,well_watered,35,0.05327491507841874,44.01504674745038
WE_B1_5,1,well_watered,42,0.07350460105837824,60.7757789365764
WE_B1_5,1,well_watered,49,0.0851110043836199,64.22026465827577
WE_B1_5,1,well_watered,70,0.09753553419921027,77.64011758874125
WE_B1_6,1,well_watered,0,0.0022236117692647204,1.0
WE_B1_6,1,well_watered,7,0.002017697778220401,6.6472178582820245
WE_B1_6,1,well_watered,21,0.019091667083567954,20.102748981990214
WE_B1_6,1,well_watered,28,0.030860679892206557,33.26699330654554
WE_B1_6,1,well_watered,49,0.08929223187627507,70.00909062058598
WE_B1_6,1,well_watered,56,0.09631430451172915,73.69387570193511
WE_B1_6,1,well_watered,63,0.08852606404263356,77.76106744915047
WE_B1_6,1,well_watered,70,0.09678783636330845,76.38278792262523
WE_B2_1,2,well_watered,0,0.005787578824915426,3.871055839011734
WE_B2_1,2,well_watered,7,0.0002,5.183518220775824
WE_B2_1,2,well_watered,21,0.014337516447348778,19.380571690520924
WE_B2_1,2,well_watered,28,0.0336073823179817,32.24789388808957
WE_B2_1,2,well_watered,35,0.06274797600675452,46.125622729864304
WE_B2_1,2,well_watered,49,0.09228533951518379,69.94106517097379
WE_B2_1,2,well_watered,56,0.0914205062314994,75.98228427098603
WE_B2_1,2,well_watered,70,0.10194080757054766,77.97151529799807
WE_B2_2,2,well_watered,0,0.00575303705182899,1.0
WE_B2_2,2,well_watered,7,0.0056914497792086745,8.215749892344125
WE_B2_2,2,well_watered,14,0.009308114771869904,11.530840077937325
WE_B2_2,2,well_watered,21,0.02209085147415516,18.376736275133016
WE_B2_2,2,well_watered,28,0.03353224862181161,36.58649616393725
WE_B2_2,2,well_watered,42,0.07151871526125617,61.079931058831434
WE_B2_2,2,well_watered,49,0.08249627947249948,69.74765156566542
WE_B2_2,2,well_watered,63,0.09181335576759143,78.22061238024216
WE_B2_2,2,well_watered,70,0.0972005127808108,77.4378726480797
WE_B2_3,2,well_watered,0,0.000885789483328896,6.03787407115732
WE_B2_3,2,well_watered,7,0.005857232171038882,4.761477034308062
WE_B2_3,2,well_watered,28,0.036525196436605664,38.74662804196544
WE_B2_3,2,well_watered,35,0.061819256325634606,55.28272413551482
WE_B2_3,2,well_watered,49,0.08905207361345559,71.37983373232446
WE_B2_3,2,well_watered,56,0.08267882590453034,74.38079323372017
WE_B2_3,2,well_watered,70,0.08903976501067161,75.5215584374196
WE_B2_4,2,well_watered,0,0.004898406913696092,2.0639856453028913
WE_B2_4,2,well_watered,7,0.0027572239891574214,8.230702526275739
WE_B2_4,2,well_watered,35,0.06469332083381003,53.23986434765058
WE_B2_4,2,well_watered,49,0.09626606530461924,71.00021747287991
WE_B2_4,2,well_watered,56,0.09323246727985686,76.53520024910125
WE_B2_4,2,well_watered,63,0.0937166059054254,76.53580219868233
WE_B2_4,2,well_watered,70,0.09669314364396137,81.01154023407368
WE_B2_5,2,well_watered,0,0.0005058196662769242,1.0
WE_B2_5,2,well_watered,7,0.004666306673136123,5.844251848621726
WE_B2_5,2,well_watered,14,0.009678383627543141,9.270386771704187
WE_B2_5,2,well_watered,21,0.01289890313019121,20.458295322641717
WE_B2_5,2,well_watered,28,0.03136382668139701,36.38133762831802
WE_B2_5,2,well_watered,42,0.07053767483012566,62.632806625216105
WE_B2_5,2,well_watered,49,0.08209381825069934,69.44869181728794
WE_B2_5,2,well_watered,56,0.08608597130094503,75.81644903634822
WE_B2_5,2,well_watered,63,0.08749596324460944,75.67980680614829
WE_B2_5,2,well_watered,70,0.08452497542668247,75.87285887346349
WE_B2_6,2,well_watered,0,0.0002,1.0
WE_B2_6,2,well_watered,14,0.010557883096806702,9.83113652853312
WE_B2_6,2,well_watered,21,0.019813773667629604,21.35003615435034
WE_B2_6,2,well_watered,28,0.03728014038023031,36.26038745965957
WE_B2_6,2,well_watered,35,0.05523912810439571,50.238849739340125
WE_B2_6,2,well_watered,42,0.07547611654955214,63.91245181724166
WE_B2_6,2,well_watered,49,0.08611057153071379,70.58418237739082
WE_B2_6,2,well_watered,70,0.10094771994706243,79.1285091236821
WE_B3_1,3,well_watered,0,0.0016412249540438857,3.858644229993816
WE_B3_1,3,well_watered,7,0.003751380506949137,5.566215903980636
WE_B3_1,3,well_watered,14,0.004710452757157357,9.55516989056042
WE_B3_1,3,well_watered,28,0.030424268862936206,29.260700738174517
WE_B3_1,3,well_watered,35,0.04420737961138756,46.00136039687608
WE_B3_1,3,well_watered,42,0.06485749675990231,60.511465209955055
WE_B3_1,3,well_watered,49,0.07713173032789714,70.97850192690277
WE_B3_1,3,well_watered,56,0.08898427458855192,69.67156107436281
WE_B3_1,3,well_watered,63,0.08618123415698115,77.62052621603387
WE_B3_1,3,well_watered,70,0.07528850170968898,76.31410402614574
WE_B3_2,3,well_watered,0,0.0002,5.1989414595215315
WE_B3_2,3,well_watered,7,0.0013151847383118496,5.094638844134991
WE_B3_2,3,well_watered,14,0.017480056527450195,11.784099248876462
WE_B3_2,3,well_watered,21,0.025483246780112812,26.321502185476337
WE_B3_2,3,well_watered,28,0.03944306372791152,41.60095367540659
WE_B3_2,3,well_watered,35,0.0612424305238373,58.32947663199454
WE_B3_2,3,well_watered,49,0.08661042877804295,70.33681444842559
WE_B3_2,3,well_watered,70,0.09261738695407447,79.9564650977465
WE_B3_3,3,well_watered,0,0.0002,3.2661946959191828
WE_B3_3,3,well_watered,14,0.013075599420500812,15.112605776162528
WE_B3_3,3,well_watered,28,0.04419956915878987,43.81926937345458
WE_B3_3,3,well_watered,35,0.07108756484572132,54.31904547079871
WE_B3_3,3,well_watered,56,0.0963419418743889,75.41558507226276
WE_B3_3,3,well_watered,63,0.0990834692702037,76.41277590555946
WE_B3_3,3,well_watered,70,0.09958729170156674,75.98550038392922
WE_B3_4,3,well_watered,0,0.0002,3.3588843424129555
WE_B3_4,3,well_watered,7,0.0002,3.9522441194597397
WE_B3_4,3,well_watered,21,0.012698329729569711,15.809383331213587
WE_B3_4,3,well_watered,35,0.05089607524058622,44.07280684467986
WE_B3_4,3,well_watered,42,0.06612959419903301,58.561121613606474
WE_B3_4,3,well_watered,49,0.0778959085685275,68.11893414847741
WE_B3_4,3,well_watered,56,0.09510004127992794,77.93376750779822
WE_B3_4,3,well_watered,63,0.1003523912590824,79.28505089825761
WE_B3_4,3,well_watered,70,0.09297951188202977,75.28566400010192
WE_B3_5,3,well_watered,0,0.0026324871339486805,1.5558716052620232
WE_B3_5,3,well_watered,21,0.021738392833915432,25.426710387513097
WE_B3_5,3,well_watered,35,0.07210947496879716,56.54930585264278
WE_B3_5,3,well_watered,42,0.07560788895149022,65.90132730846102
WE_B3_5,3,well_watered,56,0.09442683600063799,78.44833799304976
WE_B3_5,3,well_watered,63,0.09273339453146719,74.16724265080029
WE_B3_5,3,well_watered,70,0.09672057512121714,80.96984072897513
WE_B3_6,3,well_watered,0,0.005601680274721031,3.9665848551897493
WE_B3_6,3,well_watered,7,0.0002,6.07643362283787
WE_B3_6,3,well_watered,14,0.006815850403597969,10.231153196303055
WE_B3_6,3,well_watered,21,0.012745828219212794,16.543761549668915
WE_B3_6,3,well_watered,28,0.03832760331449106,31.16396224714433
WE_B3_6,3,well_watered,35,0.06683323797790378,45.841791496393434
WE_B3_6,3,well_watered,42,0.07919585754935732,63.277186127846285
WE_B3_6,3,well_watered,49,0.08816208125523924,68.61795148757471
WE_B3_6,3,well_watered,56,0.10285509243480083,75.91391221983245
WE_B3_6,3,well_watered,70,0.11491503460502729,78.96554935961122
WE_B4_1,4,well_watered,0,0.0020680881524153417,2.1391783869839966
WE_B4_1,4,well_watered,7,0.005678186997682213,6.143324026587995
WE_B4_1,4,well_watered,14,0.006612685894350334,9.278625101200076
WE_B4_1,4,well_watered,28,0.027455063450524606,33.452483719803496
WE_B4_1,4,well_watered,35,0.04705873793958087,48.8461809522194
WE_B4_1,4,well_watered,42,0.061140770289683996,64.91335114356242
WE_B4_1,4,well_watered,49,0.0777025630023837,68.27803985462539
WE_B4_1,4,well_watered,56,0.08225241460003435,72.31899713517329
WE_B4_1,4,well_watered,70,0.0839524191794876,79.25480454756662
WE_B4_2,4,well_watered,0,0.006149829563299493,1.0
WE_B4_2,4,well_watered,14,0.006486760463157099,12.694032885493094
WE_B4_2,4,well_watered,28,0.03347792551064287,33.8335639058984
WE_B4_2,4,well_watered,42,0.06706354669622346,60.27693683629757
WE_B4_2,4,well_watered,49,0.07856168609098971,69.16885260463988
WE_B4_2,4,well_watered,56,0.08497994648368158,73.58079232612768
WE_B4_2,4,well_watered,63,0.08039674214272939,74.00438062914785
WE_B4_2,4,well_watered,70,0.08792481185350506,78.08530162267606
WE_B4_3,4,well_watered,0,0.0012244759438996356,1.9932790333307577
WE_B4_3,4,well_watered,7,0.0014185387593056314,6.909500209489224
WE_B4_3,4,well_watered,21,0.019747821721320405,20.37733503337751
WE_B4_3,4,well_watered,35,0.05335914325726183,49.61282861844968
WE_B4_3,4,well_watered,49,0.0892765581380038,69.97824276471714
WE_B4_3,4,well_watered,56,0.08416215873595825,75.47835664681435
WE_B4_3,4,well_watered,70,0.08911582489841507,77.08722277198692
WE_B4_4,4,well_watered,0,0.0002,4.303355350177079
WE_B4_4,4,well_watered,7,0.005713215119665929,7.013392031716026
WE_B4_4,4,well_watered,28,0.04073432802079383,36.11641264061084
WE_B4_4,4,well_watered,35,0.06186435994612884,51.89275014562895
WE_B4_4,4,well_watered,49,0.09566519592334051,68.49011992654656
WE_B4_4,4,well_watered,56,0.09777212341261522,73.91439600179213
WE_B4_4,4,well_watered,70,0.09303385056223068,79.25371479902982
WE_B4_5,4,well_watered,0,0.0002,2.0576406980184645
WE_B4_5,4,well_watered,14,0.005825043450595667,8.91841836471733
WE_B4_5,4,well_watered,21,0.014015061064750188,17.177071241226233
WE_B4_5,4,well_watered,28,0.026998081719325634,26.910246244522483
WE_B4_5,4,well_watered,42,0.06864810970204632,59.84273441040671
WE_B4_5,4,well_watered,56,0.09487538259669873,73.82483450467677
WE_B4_5,4,well_watered,70,0.089519689583726,78.0802088827648
WE_B4_6,4,well_watered,0,0.0023732811809513412,7.228599073487347
WE_B4_6,4,well_watered,14,0.014089470014884567,19.32963417350033
WE_B4_6,4,well_watered,21,0.019804377868650715,25.60913969124535
WE_B4_6,4,well_watered,28,0.038600317794761745,42.66313644332715
WE_B4_6,4,well_watered,35,0.058893157228742984,59.618031842603024
WE_B4_6,4,well_watered,42,0.06510155414747724,64.82397044414253
WE_B4_6,4,well_watered,49,0.07818203614614716,74.11904417325083
WE_B4_6,4,well_watered,56,0.07425543975288866,77.01720101899974
WE_B4_6,4,well_watered,63,0.08056054313238965,75.33938224154684
WE_B4_6,4,well_watered,70,0.0768897635274983,77.57205294629354
WA_B1_1,1,water_deficit,0,0.003941606065373108,1.0
WA_B1_1,1,water_deficit,7,0.0034465510836873244,1.0
WA_B1_1,1,water_deficit,14,0.004437168090298196,5.572336837467396
WA_B1_1,1,water_deficit,21,0.005575344323200233,12.324367397703954
WA_B1_1,1,water_deficit,35,0.023281804179387022,30.623202974576383
WA_B1_1,1,water_deficit,49,0.046003297709785576,57.48214802042803
WA_B1_1,1,water_deficit,63,0.054835060822998355,64.36155554658194
WA_B1_1,1,water_deficit,70,0.04736070753877219,67.03515317703554
WA_B1_2,1,water_deficit,0,0.0009493433513272018,2.9984833871629313
WA_B1_2,1,water_deficit,7,0.004512088923445925,3.5700771534364644
WA_B1_2,1,water_deficit,21,0.004879863155073037,13.212070460889464
WA_B1_2,1,water_deficit,28,0.01554000027423221,22.74243852378936
WA_B1_2,1,water_deficit,42,0.04555732605621721,48.21449974329156
WA_B1_2,1,water_deficit,49,0.058726836214051496,60.80722044493551
WA_B1_2,1,water_deficit,56,0.07088215431146963,62.54052920144317
WA_B1_2,1,water_deficit,70,0.06805974495047255,64.07132065198567
WA_B1_3,1,water_deficit,0,0.0002,1.571462149770048
WA_B1_3,1,water_deficit,7,0.0002,3.738601966484869
WA_B1_3,1,water_deficit,21,0.01013811533783002,11.837483774478352
WA_B1_3,1,water_deficit,28,0.020527240545174193,22.948127054192533
WA_B1_3,1,water_deficit,35,0.03081386038628954,33.95095373911591
WA_B1_3,1,water_deficit,49,0.05302936922948107,59.655791811351506
WA_B1_3,1,water_deficit,56,0.06566118589436974,57.436772218723966
WA_B1_3,1,water_deficit,63,0.05979738647950293,64.694857143967
WA_B1_3,1,water_deficit,70,0.05604425952914889,65.8832229855771
WA_B1_4,1,water_deficit,0,0.002072192628178189,2.513722277663334
WA_B1_4,1,water_deficit,7,0.00968437684418287,6.1603678803463895
WA_B1_4,1,water_deficit,14,0.005853736834686499,14.915954765013439
WA_B1_4,1,water_deficit,21,0.014318182054517396,25.68200061373392
WA_B1_4,1,water_deficit,28,0.027912364291445675,37.07887292895894
WA_B1_4,1,water_deficit,35,0.04728452244565458,50.77955800964764
WA_B1_4,1,water_deficit,49,0.05477692261611551,62.121174350349214
WA_B1_4,1,water_deficit,56,0.06931945126180089,64.98501451888227
WA_B1_4,1,water_deficit,63,0.057617779453013385,62.64047441892319
WA_B1_4,1,water_deficit,70,0.05015787983470767,65.6307334323743
WA_B1_5,1,water_deficit,0,0.0002,4.36189269617755
WA_B1_5,1,water_deficit,7,0.0015118828613493922,3.2243799927486245
WA_B1_5,1,water_deficit,14,0.00396207571748119,9.966238661572632
WA_B1_5,1,water_deficit,21,0.010489126764529028,20.26503724211568
WA_B1_5,1,water_deficit,28,0.027298975649800973,33.01586778027889
WA_B1_5,1,water_deficit,35,0.0368053756345517,44.75938165627965
WA_B1_5,1,water_deficit,42,0.052741200000783535,55.6195718476602
WA_B1_5,1,water_deficit,49,0.058882715691221776,62.36978003236147
WA_B1_5,1,water_deficit,70,0.06972425736067517,65.58205296784782
WA_B1_6,1,water_deficit,0,0.0032737281271273946,5.0524687899435365
WA_B1_6,1,water_deficit,7,0.0042008762307883364,5.643212023948255
WA_B1_6,1,water_deficit,14,0.0012050944747848515,7.590218461026106
WA_B1_6,1,water_deficit,21,0.006367821959048329,12.052604154163632
WA_B1_6,1,water_deficit,28,0.013275404690532537,21.51837768017072
WA_B1_6,1,water_deficit,56,0.053335030780222295,62.38568882334444
WA_B1_6,1,water_deficit,63,0.0553111076761882,61.54776371051503
WA_B1_6,1,water_deficit,70,0.055103955504068936,64.4574723728645
WA_B2_1,2,water_deficit,0,0.0002,1.0
WA_B2_1,2,water_deficit,7,0.0002,5.070812308307211
WA_B2_1,2,water_deficit,14,0.004993975718427834,11.114447342633575
WA_B2_1,2,water_deficit,28,0.018605705460642122,27.074225327529806
WA_B2_1,2,water_deficit,35,0.034199120441975775,40.36631668459744
WA_B2_1,2,water_deficit,42,0.04526400134682568,48.211469335518295
WA_B2_1,2,water_deficit,49,0.06610583626216715,56.213757915800976
WA_B2_1,2,water_deficit,56,0.0724783114666915,62.730042509321855
WA_B2_1,2,water_deficit,63,0.0685913028475293,65.08818072919921
WA_B2_1,2,water_deficit,70,0.05871402202472984,65.38884056558992
WA_B2_2,2,water_deficit,0,0.0002,1.0
WA_B2_2,2,water_deficit,7,0.0036004807779120088,4.794437607210796
WA_B2_2,2,water_deficit,21,0.0111840480374487,15.164246324291184
WA_B2_2,2,water_deficit,28,0.016241007645550434,26.088426107845308
WA_B2_2,2,water_deficit,35,0.03400969976368234,42.89232276010398
WA_B2_2,2,water_deficit,42,0.04019345982052945,52.03119812228739
WA_B2_2,2,water_deficit,49,0.06027477253625568,60.861456047829
WA_B2_2,2,water_deficit,56,0.05322389818095124,62.092417978989815
WA_B2_2,2,water_deficit,63,0.05632065412271787,65.54653914631685
WA_B2_2,2,water_deficit,70,0.05513306917218376,64.87608239801004
WA_B2_3,2,water_deficit,0,0.002179568892238545,2.5900996813127106
WA_B2_3,2,water_deficit,14,0.005640950321624416,8.466560221016811
WA_B2_3,2,water_deficit,21,0.015759684054446974,16.849815595722376
WA_B2_3,2,water_deficit,28,0.023033500217317048,29.79556008646831
WA_B2_3,2,water_deficit,35,0.032573905029841234,42.63375576445161
WA_B2_3,2,water_deficit,42,0.047116144494478825,50.0624332199836
WA_B2_3,2,water_deficit,49,0.06255022161990213,58.221660590038375
WA_B2_3,2,water_deficit,56,0.06596676261462331,65.53234609920881
WA_B2_3,2,water_deficit,63,0.056076779628756186,63.81493792932033
WA_B2_3,2,water_deficit,70,0.06037947790175453,65.80683378317833
WA_B2_4,2,water_deficit,0,0.00275842514738062,4.51602023721935
WA_B2_4,2,water_deficit,7,0.005908736206385365,5.317920609346059
WA_B2_4,2,water_deficit,21,0.010489046989923137,15.798187302005513
WA_B2_4,2,water_deficit,28,0.02365679344748443,22.52723022548471
WA_B2_4,2,water_deficit,35,0.037862463055914924,41.34529399259382
WA_B2_4,2,water_deficit,42,0.051052814114729894,51.44306542238118
WA_B2_4,2,water_deficit,49,0.05956565723214194,58.40187039761466
WA_B2_4,2,water_deficit,56,0.07691620484454827,61.774830931155215
WA_B2_4,2,water_deficit,63,0.07209540521720954,65.34774078866675
WA_B2_4,2,water_deficit,70,0.06766544465301216,66.9562242456075
WA_B2_5,2,water_deficit,0,0.0009757663465087623,1.4350048593998728
WA_B2_5,2,water_deficit,7,0.0002,3.7446441822285093
WA_B2_5,2,water_deficit,14,0.01080140890123087,9.925287517891846
WA_B2_5,2,water_deficit,21,0.011367790314315087,19.372145412931772
WA_B2_5,2,water_deficit,28,0.01604324306931469,29.710358286056383
WA_B2_5,2,water_deficit,35,0.03601791147429624,45.13486635788775
WA_B2_5,2,water_deficit,56,0.054712990813720844,66.57679263995367
WA_B2_5,2,water_deficit,70,0.058477659006625,63.995959022919784
WA_B2_6,2,water_deficit,0,0.0002,1.0
WA_B2_6,2,water_deficit,7,0.0013072681083154535,4.893981022977787
WA_B2_6,2,water_deficit,14,0.0027787015943494366,7.606007377034913
WA_B2_6,2,water_deficit,28,0.017838981971310487,24.99059780433881
WA_B2_6,2,water_deficit,35,0.03747240513273153,38.092717211420386
WA_B2_6,2,water_deficit,42,0.04681411745566638,51.81423365617692
WA_B2_6,2,water_deficit,49,0.06840165306525794,59.34195895298792
WA_B2_6,2,water_deficit,56,0.06615521213015527,60.13979414217498
WA_B2_6,2,water_deficit,63,0.06833676943249149,65.15623682132701
WA_B2_6,2,water_deficit,70,0.061357132907014715,62.436395259085515
WA_B3_1,3,water_deficit,0,0.005895929440500705,3.3386787273698735
WA_B3_1,3,water_deficit,14,0.006797644824472051,14.274838687405614
WA_B3_1,3,water_deficit,35,0.04102856261952704,45.57086000414063
WA_B3_1,3,water_deficit,49,0.06215941951719169,62.925608217977235
WA_B3_1,3,water_deficit,56,0.07080159896194418,61.14330327237693
WA_B3_1,3,water_deficit,63,0.06534595978730408,64.70365396662784
WA_B3_1,3,water_deficit,70,0.06037170341916013,65.36851912523728
WA_B3_2,3,water_deficit,0,0.0002,3.4222852016579166
WA_B3_2,3,water_deficit,7,0.008556429235101803,3.7638119223222337
WA_B3_2,3,water_deficit,14,0.007574348386261428,9.797975593348946
WA_B3_2,3,water_deficit,42,0.04483983162912331,54.43036448642677
WA_B3_2,3,water_deficit,56,0.05693116117403722,63.80152581840529
WA_B3_2,3,water_deficit,63,0.06443358198991828,61.042927288681746
WA_B3_2,3,water_deficit,70,0.05800013040846727,65.24285187024192
WA_B3_3,3,water_deficit,0,0.0002,3.397126305295473
WA_B3_3,3,water_deficit,7,0.0005908024964377022,6.5018972759608875
WA_B3_3,3,water_deficit,21,0.00850339651172666,18.723217109707452
WA_B3_3,3,water_deficit,28,0.02181338067166542,31.76059063217923
WA_B3_3,3,water_deficit,42,0.05073253870164008,55.39412377709679
WA_B3_3,3,water_deficit,49,0.056018575534824096,61.21830318176865
WA_B3_3,3,water_deficit,56,0.06312729610001794,63.06362999607336
WA_B3_3,3,water_deficit,63,0.062447194529335906,61.48017444778742
WA_B3_3,3,water_deficit,70,0.0566798441798143,65.5021975967804
WA_B3_4,3,water_deficit,0,0.0008650657752836651,1.1041422090679882
WA_B3_4,3,water_deficit,14,0.006341956323547158,7.6471189457810675
WA_B3_4,3,water_deficit,21,0.005546542068617853,16.034915818220686
WA_B3_4,3,water_deficit,28,0.018866958317478626,25.166724955683147
WA_B3_4,3,water_deficit,35,0.027045953439711067,39.252585520034856
WA_B3_4,3,water_deficit,49,0.060128672574896944,59.983906033069715
WA_B3_4,3,water_deficit,63,0.067289023322303,60.224381806047376
WA_B3_4,3,water_deficit,70,0.06213521207310986,64.56906425802109
WA_B3_5,3,water_deficit,0,0.003360441401672188,1.992220190684424
WA_B3_5,3,water_deficit,21,0.011458841696915644,18.027148801436525
WA_B3_5,3,water_deficit,28,0.017574984446646347,31.71119454972967
WA_B3_5,3,water_deficit,35,0.030572587157973695,39.52542537526826
WA_B3_5,3,water_deficit,49,0.053687042886677874,60.14535156919202
WA_B3_5,3,water_deficit,56,0.05886355284987403,61.24412588540122
WA_B3_5,3,water_deficit,63,0.050470511638468635,64.55102080315883
WA_B3_5,3,water_deficit,70,0.05339328458409277,68.48062694048441
WA_B3_6,3,water_deficit,0,0.0029257267837256885,5.793037425359646
WA_B3_6,3,water_deficit,7,0.0036234683050512,4.123623520711788
WA_B3_6,3,water_deficit,21,0.009329096781125217,21.55010725875598
WA_B3_6,3,water_deficit,35,0.03669798501557225,44.686938998286365
WA_B3_6,3,water_deficit,42,0.03914617754295837,55.74291273105569
WA_B3_6,3,water_deficit,49,0.05945664338838198,63.966714938197576
WA_B3_6,3,water_deficit,56,0.06465521591226156,62.69259043750864
WA_B3_6,3,water_deficit,70,0.05350048843947697,65.77373418546776
WA_B4_1,4,water_deficit,0,0.0026052901707569005,2.4454770483928177
WA_B4_1,4,water_deficit,7,0.0023743318316194724,8.179651029746244
WA_B4_1,4,water_deficit,21,0.00733638315944074,23.23727148053272
WA_B4_1,4,water_deficit,28,0.028348194208278672,34.37816143454227
WA_B4_1,4,water_deficit,35,0.043111945342877024,45.84709848862572
WA_B4_1,4,water_deficit,42,0.053607264406077854,59.65399184528521
WA_B4_1,4,water_deficit,49,0.05976181980411336,61.032468939338656
WA_B4_1,4,water_deficit,56,0.0656150987113658,64.69738096992715
WA_B4_1,4,water_deficit,63,0.0720164447892443,63.07924144081597
WA_B4_1,4,water_deficit,70,0.06467763926357137,66.74588175949455
WA_B4_2,4,water_deficit,0,0.004855683813396326,1.0
WA_B4_2,4,water_deficit,7,0.002910645169663944,6.485931848680194
WA_B4_2,4,water_deficit,14,0.007759761816733808,8.49217872959267
WA_B4_2,4,water_deficit,21,0.0075266519915544085,24.406724989294183
WA_B4_2,4,water_deficit,28,0.026628390224000383,36.13688070198758
WA_B4_2,4,water_deficit,35,0.04611379890414831,46.174240812501004
WA_B4_2,4,water_deficit,49,0.07010197511931465,65.14188604419493
WA_B4_2,4,water_deficit,56,0.06620923627169893,65.46271652937817
WA_B4_2,4,water_deficit,63,0.06972747026611177,66.94625259405566
WA_B4_2,4,water_deficit,70,0.05496587851457874,60.676268156923356
WA_B4_3,4,water_deficit,0,0.004082469397674436,1.0
WA_B4_3,4,water_deficit,14,0.004830644709154474,9.952158370156313
WA_B4_3,4,water_deficit,21,0.01489892918982541,15.124402975572126
WA_B4_3,4,water_deficit,35,0.03544121212757466,40.5986499036392
WA_B4_3,4,water_deficit,42,0.05174951555549521,52.935705946445665
WA_B4_3,4,water_deficit,56,0.0668227972556225,63.15986206800344
WA_B4_3,4,water_deficit,63,0.06958607119218368,60.32673505211205
WA_B4_3,4,water_deficit,70,0.06850088248626225,62.37486083775845
WA_B4_4,4,water_deficit,0,0.004924234580583662,1.2962419917694203
WA_B4_4,4,water_deficit,14,0.009532649902338914,11.659671752956895
WA_B4_4,4,water_deficit,28,0.03101121245905716,38.74389740699575
WA_B4_4,4,water_deficit,42,0.055254710574327195,53.546965485563625
WA_B4_4,4,water_deficit,56,0.06739456682603606,61.68181937592978
WA_B4_4,4,water_deficit,63,0.06644080127789972,64.4537852230808
WA_B4_4,4,water_deficit,70,0.05945856253993385,64.88330998279446
WA_B4_5,4,water_deficit,0,0.0002,1.0
WA_B4_5,4,water_deficit,7,0.004496003188980127,5.834108611930313
WA_B4_5,4,water_deficit,14,0.008698664769831369,11.874091492218575
WA_B4_5,4,water_deficit,21,0.01070002426925179,17.880301652086153
WA_B4_5,4,water_deficit,28,0.024743354740157153,32.699802327416606
WA_B4_5,4,water_deficit,49,0.060712649608906245,58.687738058127955
WA_B4_5,4,water_deficit,56,0.06928109419222707,62.60556185264622
WA_B4_5,4,water_deficit,63,0.06576962914150832,66.25080911689095
WA_B4_5,4,water_deficit,70,0.06050558346209909,66.91234093700841
WA_B4_6,4,water_deficit,0,0.002584984293447708,1.985934430118276
WA_B4_6,4,water_deficit,14,0.008425513312272342,5.725129189906557
WA_B4_6,4,water_deficit,21,0.009355822696398106,14.737121807651373
WA_B4_6,4,water_deficit,28,0.019543895438556,26.067282747727923
WA_B4_6,4,water_deficit,35,0.030763261209744003,43.298653129420416
WA_B4_6,4,water_deficit,42,0.044443343568566336,50.653366103374
WA_B4_6,4,water_deficit,70,0.053004149041349,65.38826885406046
