plot_id,block,cultivar,day,total_mass_g,leaf_area_m2,leaf_mass_g,root_mass_g,stem_mass_g,reproductive_mass_g
B1_C1,1,C1,20,5.96407,0.055752,2.445269,1.491017,2.027784,0.0
B1_C1,1,C1,35,20.644329,0.156094,7.380348,4.696585,8.567397,0.0
B1_C1,1,C1,50,51.793185,0.30804,15.796921,10.617603,24.135624,1.243036
B1_C1,1,C1,65,82.680353,0.372651,20.876789,15.089164,29.847607,16.866792
B1_C1,1,C1,80,89.551777,0.290148,17.910355,14.328284,22.925255,34.387882
B1_C2,1,C2,20,4.984589,0.048869,2.143373,1.246147,1.595069,0.0
B1_C2,1,C2,35,22.023404,0.175838,8.313835,5.010324,8.699245,0.0
B1_C2,1,C2,50,58.137401,0.368446,18.894655,11.918167,25.929281,1.395298
B1_C2,1,C2,65,93.834651,0.456423,25.569943,17.124824,31.997616,19.142269
B1_C2,1,C2,80,99.368515,0.354149,21.861073,15.898962,23.45097,38.15751
B2_C1,2,C1,20,5.975077,0.055855,2.449782,1.493769,2.031526,0.0
B2_C1,2,C1,35,20.529325,0.155225,7.339234,4.670421,8.51967,0.0
B2_C1,2,C1,50,59.623557,0.354611,18.185185,12.222829,27.784577,1.430965
B2_C1,2,C1,65,84.140451,0.379232,21.245464,15.355632,30.374703,17.164652
B2_C1,2,C1,80,82.149648,0.266165,16.42993,13.143944,21.03031,31.545465
B2_C2,2,C2,20,4.675258,0.045836,2.010361,1.168815,1.496083,0.0
B2_C2,2,C2,35,21.67472,0.173054,8.182207,4.930999,8.561514,0.0
B2_C2,2,C2,50,55.992264,0.354851,18.197486,11.478414,24.97255,1.343814
B2_C2,2,C2,65,96.23227,0.468086,26.223294,17.562389,32.815204,19.631383
B2_C2,2,C2,80,105.257009,0.375136,23.156542,16.841121,24.840654,40.418692
B3_C1,3,C1,20,6.121697,0.057226,2.509896,1.530424,2.081377,0.0
B3_C1,3,C1,35,19.772158,0.1495,7.068546,4.498166,8.205445,0.0
B3_C1,3,C1,50,51.634917,0.307099,15.74865,10.585158,24.061871,1.239238
B3_C1,3,C1,65,78.18499,0.35239,19.74171,14.268761,28.224781,15.949738
B3_C1,3,C1,80,90.700366,0.293869,18.140073,14.512059,23.219294,34.82894
B3_C2,3,C2,20,5.085302,0.049856,2.18668,1.271326,1.627297,0.0
B3_C2,3,C2,35,20.393837,0.162827,7.698674,4.639598,8.055566,0.0
B3_C2,3,C2,50,66.252591,0.419876,21.532092,13.581781,29.548656,1.590062
B3_C2,3,C2,65,81.91618,0.398451,22.322159,14.949703,27.933417,16.710901
B3_C2,3,C2,80,109.873106,0.391588,24.172083,17.579697,25.930053,42.191273
B4_C1,4,C1,20,5.63529,0.052679,2.310469,1.408823,1.915999,0.0
B4_C1,4,C1,35,20.70405,0.156546,7.401698,4.710171,8.592181,0.0
B4_C1,4,C1,50,53.341907,0.317251,16.269282,10.935091,24.857329,1.280206
B4_C1,4,C1,65,79.271384,0.357286,20.016024,14.467028,28.61697,16.171362
B4_C1,4,C1,80,85.835529,0.278107,17.167106,13.733685,21.973895,32.960843
B4_C2,4,C2,20,4.880895,0.047852,2.098785,1.220224,1.561886,0.0
B4_C2,4,C2,35,22.218472,0.177395,8.387473,5.054702,8.776296,0.0
B4_C2,4,C2,50,60.867712,0.385749,19.782006,12.477881,27.146999,1.460825
B4_C2,4,C2,65,89.597319,0.435813,24.415269,16.351511,30.552686,18.277853
B4_C2,4,C2,80,103.022593,0.367173,22.664971,16.483615,24.313332,39.560676
B5_C1,5,C1,20,6.395002,0.05978,2.621951,1.59875,2.174301,0.0
B5_C1,5,C1,35,21.701458,0.164087,7.758271,4.937082,9.006105,0.0
B5_C1,5,C1,50,54.785709,0.325838,16.709641,11.23107,25.53014,1.314857
B5_C1,5,C1,65,74.188046,0.334375,18.732482,13.539318,26.781885,15.134361
B5_C1,5,C1,80,86.690503,0.280877,17.338101,13.870481,22.192769,33.289153
B5_C2,5,C2,20,5.234399,0.051318,2.250792,1.3086,1.675008,0.0
B5_C2,5,C2,35,23.029302,0.183869,8.693561,5.239166,9.096574,0.0
B5_C2,5,C2,50,60.504479,0.383447,19.663956,12.403418,26.984998,1.452107
B5_C2,5,C2,65,96.938189,0.471519,26.415656,17.691219,33.055922,19.775391
B5_C2,5,C2,80,107.836193,0.384328,23.723963,17.253791,25.449342,41.409098
