plot_id,block,cultivar,day,harvest_unit,biomass_g
B1_C1,1,C1,7,B1_C1_D7_Q1,7.180343
B1_C1,1,C1,7,B1_C1_D7_Q2,7.796244
B1_C1,1,C1,14,B1_C1_D14_Q1,16.767843
B1_C1,1,C1,14,B1_C1_D14_Q2,16.814831
B1_C1,1,C1,21,B1_C1_D21_Q1,36.285427
B1_C1,1,C1,21,B1_C1_D21_Q2,37.508846
B1_C1,1,C1,28,B1_C1_D28_Q1,68.816857
B1_C1,1,C1,28,B1_C1_D28_Q2,73.744019
B1_C1,1,C1,35,B1_C1_D35_Q1,118.227858
B1_C1,1,C1,35,B1_C1_D35_Q2,119.516689
B1_C1,1,C1,42,B1_C1_D42_Q1,159.503398
B1_C1,1,C1,42,B1_C1_D42_Q2,158.78523
B1_C1,1,C1,49,B1_C1_D49_Q1,203.156459
B1_C1,1,C1,49,B1_C1_D49_Q2,194.168497
B1_C1,1,C1,56,B1_C1_D56_Q1,210.953473
B1_C1,1,C1,56,B1_C1_D56_Q2,217.090689
B1_C1,1,C1,70,B1_C1_D70_Q1,220.441844
B1_C1,1,C1,70,B1_C1_D70_Q2,202.375243
B1_C2,1,C2,7,B1_C2_D7_Q1,6.299075
B1_C2,1,C2,7,B1_C2_D7_Q2,5.87755
B1_C2,1,C2,14,B1_C2_D14_Q1,17.328406
B1_C2,1,C2,14,B1_C2_D14_Q2,16.565449
B1_C2,1,C2,21,B1_C2_D21_Q1,33.343445
B1_C2,1,C2,21,B1_C2_D21_Q2,30.177612
B1_C2,1,C2,28,B1_C2_D28_Q1,62.170579
B1_C2,1,C2,28,B1_C2_D28_Q2,62.278008
B1_C2,1,C2,35,B1_C2_D35_Q1,102.604525
B1_C2,1,C2,35,B1_C2_D35_Q2,107.939677
B1_C2,1,C2,42,B1_C2_D42_Q1,156.807192
B1_C2,1,C2,42,B1_C2_D42_Q2,146.995437
B1_C2,1,C2,49,B1_C2_D49_Q1,193.723406
B1_C2,1,C2,49,B1_C2_D49_Q2,189.902645
B1_C2,1,C2,56,B1_C2_D56_Q1,210.968922
B1_C2,1,C2,56,B1_C2_D56_Q2,234.282491
B1_C2,1,C2,70,B1_C2_D70_Q1,257.145326
B1_C2,1,C2,70,B1_C2_D70_Q2,252.963219
B1_C3,1,C3,7,B1_C3_D7_Q1,9.007602
B1_C3,1,C3,7,B1_C3_D7_Q2,7.470148
B1_C3,1,C3,14,B1_C3_D14_Q1,18.619121
B1_C3,1,C3,14,B1_C3_D14_Q2,20.398533
B1_C3,1,C3,21,B1_C3_D21_Q1,41.727264
B1_C3,1,C3,21,B1_C3_D21_Q2,41.045117
B1_C3,1,C3,28,B1_C3_D28_Q1,76.027306
B1_C3,1,C3,28,B1_C3_D28_Q2,82.745053
B1_C3,1,C3,35,B1_C3_D35_Q1,123.645973
B1_C3,1,C3,35,B1_C3_D35_Q2,130.123853
B1_C3,1,C3,42,B1_C3_D42_Q1,164.133894
B1_C3,1,C3,42,B1_C3_D42_Q2,163.736139
B1_C3,1,C3,49,B1_C3_D49_Q1,179.37709
B1_C3,1,C3,49,B1_C3_D49_Q2,193.274595
B1_C3,1,C3,56,B1_C3_D56_Q1,205.908489
B1_C3,1,C3,56,B1_C3_D56_Q2,190.813973
B1_C3,1,C3,70,B1_C3_D70_Q1,195.624444
B1_C3,1,C3,70,B1_C3_D70_Q2,192.536411
B2_C1,2,C1,7,B2_C1_D7_Q1,8.54619
B2_C1,2,C1,7,B2_C1_D7_Q2,9.37123
B2_C1,2,C1,14,B2_C1_D14_Q1,18.512033
B2_C1,2,C1,14,B2_C1_D14_Q2,21.147876
B2_C1,2,C1,21,B2_C1_D21_Q1,40.26234
B2_C1,2,C1,21,B2_C1_D21_Q2,39.559102
B2_C1,2,C1,28,B2_C1_D28_Q1,67.712951
B2_C1,2,C1,28,B2_C1_D28_Q2,70.67124
B2_C1,2,C1,35,B2_C1_D35_Q1,120.789942
B2_C1,2,C1,35,B2_C1_D35_Q2,114.52417
B2_C1,2,C1,42,B2_C1_D42_Q1,165.083634
B2_C1,2,C1,42,B2_C1_D42_Q2,170.309101
B2_C1,2,C1,49,B2_C1_D49_Q1,185.632239
B2_C1,2,C1,49,B2_C1_D49_Q2,195.594865
B2_C1,2,C1,56,B2_C1_D56_Q1,210.537773
B2_C1,2,C1,56,B2_C1_D56_Q2,200.051945
B2_C1,2,C1,70,B2_C1_D70_Q1,221.828414
B2_C1,2,C1,70,B2_C1_D70_Q2,219.036617
B2_C2,2,C2,7,B2_C2_D7_Q1,7.4025
B2_C2,2,C2,7,B2_C2_D7_Q2,10.015291
B2_C2,2,C2,14,B2_C2_D14_Q1,17.332418
B2_C2,2,C2,14,B2_C2_D14_Q2,16.255045
B2_C2,2,C2,21,B2_C2_D21_Q1,35.11135
B2_C2,2,C2,21,B2_C2_D21_Q2,34.16656
B2_C2,2,C2,28,B2_C2_D28_Q1,62.649414
B2_C2,2,C2,28,B2_C2_D28_Q2,60.439961
B2_C2,2,C2,35,B2_C2_D35_Q1,106.285587
B2_C2,2,C2,35,B2_C2_D35_Q2,101.733069
B2_C2,2,C2,42,B2_C2_D42_Q1,149.35253
B2_C2,2,C2,42,B2_C2_D42_Q2,152.131379
B2_C2,2,C2,49,B2_C2_D49_Q1,198.261407
B2_C2,2,C2,49,B2_C2_D49_Q2,190.38022
B2_C2,2,C2,56,B2_C2_D56_Q1,224.550506
B2_C2,2,C2,56,B2_C2_D56_Q2,224.281195
B2_C2,2,C2,70,B2_C2_D70_Q1,247.133966
B2_C2,2,C2,70,B2_C2_D70_Q2,242.602211
B2_C3,2,C3,7,B2_C3_D7_Q1,9.506475
B2_C3,2,C3,7,B2_C3_D7_Q2,6.902598
B2_C3,2,C3,14,B2_C3_D14_Q1,18.843054
B2_C3,2,C3,14,B2_C3_D14_Q2,17.693858
B2_C3,2,C3,21,B2_C3_D21_Q1,41.376064
B2_C3,2,C3,21,B2_C3_D21_Q2,41.437196
B2_C3,2,C3,28,B2_C3_D28_Q1,79.797973
B2_C3,2,C3,28,B2_C3_D28_Q2,78.763379
B2_C3,2,C3,35,B2_C3_D35_Q1,133.256404
B2_C3,2,C3,35,B2_C3_D35_Q2,130.995244
B2_C3,2,C3,42,B2_C3_D42_Q1,165.522767
B2_C3,2,C3,42,B2_C3_D42_Q2,159.072222
B2_C3,2,C3,49,B2_C3_D49_Q1,192.618589
B2_C3,2,C3,49,B2_C3_D49_Q2,190.645196
B2_C3,2,C3,56,B2_C3_D56_Q1,208.432116
B2_C3,2,C3,56,B2_C3_D56_Q2,186.192587
B2_C3,2,C3,70,B2_C3_D70_Q1,209.51227
B2_C3,2,C3,70,B2_C3_D70_Q2,199.786784
B3_C1,3,C1,7,B3_C1_D7_Q1,7.280338
B3_C1,3,C1,7,B3_C1_D7_Q2,7.664364
B3_C1,3,C1,14,B3_C1_D14_Q1,18.286632
B3_C1,3,C1,14,B3_C1_D14_Q2,18.788494
B3_C1,3,C1,21,B3_C1_D21_Q1,36.585128
B3_C1,3,C1,21,B3_C1_D21_Q2,38.634368
B3_C1,3,C1,28,B3_C1_D28_Q1,72.759103
B3_C1,3,C1,28,B3_C1_D28_Q2,72.648772
B3_C1,3,C1,35,B3_C1_D35_Q1,119.047364
B3_C1,3,C1,35,B3_C1_D35_Q2,116.546668
B3_C1,3,C1,42,B3_C1_D42_Q1,160.35068
B3_C1,3,C1,42,B3_C1_D42_Q2,157.682747
B3_C1,3,C1,49,B3_C1_D49_Q1,193.740483
B3_C1,3,C1,49,B3_C1_D49_Q2,194.545552
B3_C1,3,C1,56,B3_C1_D56_Q1,223.293805
B3_C1,3,C1,56,B3_C1_D56_Q2,202.700349
B3_C1,3,C1,70,B3_C1_D70_Q1,233.779346
B3_C1,3,C1,70,B3_C1_D70_Q2,226.561533
B3_C2,3,C2,7,B3_C2_D7_Q1,6.831657
B3_C2,3,C2,7,B3_C2_D7_Q2,7.152235
B3_C2,3,C2,14,B3_C2_D14_Q1,16.722775
B3_C2,3,C2,14,B3_C2_D14_Q2,16.156059
B3_C2,3,C2,21,B3_C2_D21_Q1,33.850578
B3_C2,3,C2,21,B3_C2_D21_Q2,32.13174
B3_C2,3,C2,28,B3_C2_D28_Q1,64.037448
B3_C2,3,C2,28,B3_C2_D28_Q2,62.145647
B3_C2,3,C2,35,B3_C2_D35_Q1,104.690699
B3_C2,3,C2,35,B3_C2_D35_Q2,97.047182
B3_C2,3,C2,42,B3_C2_D42_Q1,159.18344
B3_C2,3,C2,42,B3_C2_D42_Q2,154.467816
B3_C2,3,C2,49,B3_C2_D49_Q1,194.152306
B3_C2,3,C2,49,B3_C2_D49_Q2,188.009192
B3_C2,3,C2,56,B3_C2_D56_Q1,237.498924
B3_C2,3,C2,56,B3_C2_D56_Q2,226.818969
B3_C2,3,C2,70,B3_C2_D70_Q1,253.603189
B3_C2,3,C2,70,B3_C2_D70_Q2,230.905559
B3_C3,3,C3,7,B3_C3_D7_Q1,7.65181
B3_C3,3,C3,7,B3_C3_D7_Q2,6.56313
B3_C3,3,C3,14,B3_C3_D14_Q1,17.011401
B3_C3,3,C3,14,B3_C3_D14_Q2,18.752227
B3_C3,3,C3,21,B3_C3_D21_Q1,44.413895
B3_C3,3,C3,21,B3_C3_D21_Q2,42.958976
B3_C3,3,C3,28,B3_C3_D28_Q1,82.851326
B3_C3,3,C3,28,B3_C3_D28_Q2,80.11715
B3_C3,3,C3,35,B3_C3_D35_Q1,131.659457
B3_C3,3,C3,35,B3_C3_D35_Q2,128.197803
B3_C3,3,C3,42,B3_C3_D42_Q1,174.061227
B3_C3,3,C3,42,B3_C3_D42_Q2,152.403411
B3_C3,3,C3,49,B3_C3_D49_Q1,190.926906
B3_C3,3,C3,49,B3_C3_D49_Q2,184.82906
B3_C3,3,C3,56,B3_C3_D56_Q1,203.995575
B3_C3,3,C3,56,B3_C3_D56_Q2,210.569994
B3_C3,3,C3,70,B3_C3_D70_Q1,214.248195
B3_C3,3,C3,70,B3_C3_D70_Q2,199.032175
B4_C1,4,C1,7,B4_C1_D7_Q1,6.700165
B4_C1,4,C1,7,B4_C1_D7_Q2,8.41083
B4_C1,4,C1,14,B4_C1_D14_Q1,18.417135
B4_C1,4,C1,14,B4_C1_D14_Q2,17.315555
B4_C1,4,C1,21,B4_C1_D21_Q1,37.879747
B4_C1,4,C1,21,B4_C1_D21_Q2,37.914145
B4_C1,4,C1,28,B4_C1_D28_Q1,78.259218
B4_C1,4,C1,28,B4_C1_D28_Q2,76.62425
B4_C1,4,C1,35,B4_C1_D35_Q1,126.467286
B4_C1,4,C1,35,B4_C1_D35_Q2,124.583478
B4_C1,4,C1,42,B4_C1_D42_Q1,164.267009
B4_C1,4,C1,42,B4_C1_D42_Q2,168.183429
B4_C1,4,C1,49,B4_C1_D49_Q1,196.3556
B4_C1,4,C1,49,B4_C1_D49_Q2,198.678833
B4_C1,4,C1,56,B4_C1_D56_Q1,218.171044
B4_C1,4,C1,56,B4_C1_D56_Q2,224.930479
B4_C1,4,C1,70,B4_C1_D70_Q1,237.47617
B4_C1,4,C1,70,B4_C1_D70_Q2,227.718165
B4_C2,4,C2,7,B4_C2_D7_Q1,7.820629
B4_C2,4,C2,7,B4_C2_D7_Q2,9.759708
B4_C2,4,C2,14,B4_C2_D14_Q1,17.92268
B4_C2,4,C2,14,B4_C2_D14_Q2,18.937322
B4_C2,4,C2,21,B4_C2_D21_Q1,33.371748
B4_C2,4,C2,21,B4_C2_D21_Q2,33.813356
B4_C2,4,C2,28,B4_C2_D28_Q1,65.829638
B4_C2,4,C2,28,B4_C2_D28_Q2,65.358601
B4_C2,4,C2,35,B4_C2_D35_Q1,100.773212
B4_C2,4,C2,35,B4_C2_D35_Q2,108.996949
B4_C2,4,C2,42,B4_C2_D42_Q1,164.639571
B4_C2,4,C2,42,B4_C2_D42_Q2,154.220143
B4_C2,4,C2,49,B4_C2_D49_Q1,192.544783
B4_C2,4,C2,49,B4_C2_D49_Q2,197.857393
B4_C2,4,C2,56,B4_C2_D56_Q1,228.882089
B4_C2,4,C2,56,B4_C2_D56_Q2,227.097142
B4_C2,4,C2,70,B4_C2_D70_Q1,245.325724
B4_C2,4,C2,70,B4_C2_D70_Q2,261.413699
B4_C3,4,C3,7,B4_C3_D7_Q1,8.10531
B4_C3,4,C3,7,B4_C3_D7_Q2,9.392189
B4_C3,4,C3,14,B4_C3_D14_Q1,16.968699
B4_C3,4,C3,14,B4_C3_D14_Q2,18.122675
B4_C3,4,C3,21,B4_C3_D21_Q1,45.235438
B4_C3,4,C3,21,B4_C3_D21_Q2,40.971329
B4_C3,4,C3,28,B4_C3_D28_Q1,86.375406
B4_C3,4,C3,28,B4_C3_D28_Q2,77.69251
B4_C3,4,C3,35,B4_C3_D35_Q1,135.382416
B4_C3,4,C3,35,B4_C3_D35_Q2,131.365941
B4_C3,4,C3,42,B4_C3_D42_Q1,174.131437
B4_C3,4,C3,42,B4_C3_D42_Q2,184.25848
B4_C3,4,C3,49,B4_C3_D49_Q1,189.507574
B4_C3,4,C3,49,B4_C3_D49_Q2,201.557387
B4_C3,4,C3,56,B4_C3_D56_Q1,202.45844
B4_C3,4,C3,56,B4_C3_D56_Q2,214.459446
B4_C3,4,C3,70,B4_C3_D70_Q1,202.352782
B4_C3,4,C3,70,B4_C3_D70_Q2,201.837088
