plant_id,x_m,y_m,size_cm
T01,0.0,0.0,18.3899
T02,1.5,0.0,20.7719
T03,3.0,0.0,18.7003
T04,4.5,0.0,19.0036
T05,6.0,0.0,19.5521
T06,7.5,0.0,20.8949
T07,9.0,0.0,20.13
T08,10.5,0.0,19.498
T09,0.0,1.5,19.8465
T10,1.5,1.5,19.4726
T11,3.0,1.5,18.7081
T12,4.5,1.5,20.5157
T13,6.0,1.5,20.0362
T14,7.5,1.5,22.6956
T15,9.0,1.5,18.5031
T16,10.5,1.5,18.5199
T17,0.0,3.0,21.1003
T18,1.5,3.0,20.9315
T19,3.0,3.0,23.7137
T20,4.5,3.0,23.6637
T21,6.0,3.0,22.9116
T22,7.5,3.0,20.7817
T23,9.0,3.0,19.7353
T24,10.5,3.0,19.4932
T25,0.0,4.5,22.3962
T26,1.5,4.5,18.7653
T27,3.0,4.5,19.5489
T28,4.5,4.5,24.5383
T29,6.0,4.5,22.0915
T30,7.5,4.5,22.3446
T31,9.0,4.5,18.1908
T32,10.5,4.5,20.4858
T33,0.0,6.0,21.3711
T34,1.5,6.0,22.5349
T35,3.0,6.0,22.5201
T36,4.5,6.0,21.1013
T37,6.0,6.0,19.6133
T38,7.5,6.0,17.3751
T39,9.0,6.0,25.2826
T40,10.5,6.0,21.0738
T41,0.0,7.5,20.2245
T42,1.5,7.5,16.9041
T43,3.0,7.5,21.9465
T44,4.5,7.5,20.3914
T45,6.0,7.5,20.325
T46,7.5,7.5,19.8667
T47,9.0,7.5,22.243
T48,10.5,7.5,20.8838
T49,0.0,9.0,21.114
T50,1.5,9.0,18.2168
T51,3.0,9.0,19.3254
T52,4.5,9.0,17.5009
T53,6.0,9.0,18.3245
T54,7.5,9.0,20.4006
T55,9.0,9.0,18.5746
T56,10.5,9.0,21.2955
T57,0.0,10.5,21.341
T58,1.5,10.5,17.4971
T59,3.0,10.5,20.4175
T60,4.5,10.5,20.6817
T61,6.0,10.5,17.1813
T62,7.5,10.5,20.4875
T63,9.0,10.5,18.2
T64,10.5,10.5,21.1613
