plot_id,block,nitrogen,day,harvest_unit,ground_area_m2,biomass_g_m2
B1_N0,1,N0,10,B1_N0_D10_Q1,1.0,11.700107
B1_N0,1,N0,10,B1_N0_D10_Q2,1.0,10.045318
B1_N0,1,N0,20,B1_N0_D20_Q1,1.0,30.685356
B1_N0,1,N0,20,B1_N0_D20_Q2,1.0,27.120362
B1_N0,1,N0,30,B1_N0_D30_Q1,1.0,63.136827
B1_N0,1,N0,30,B1_N0_D30_Q2,1.0,61.605937
B1_N0,1,N0,40,B1_N0_D40_Q1,1.0,110.261157
B1_N0,1,N0,40,B1_N0_D40_Q2,1.0,114.107266
B1_N0,1,N0,50,B1_N0_D50_Q1,1.0,191.266867
B1_N0,1,N0,50,B1_N0_D50_Q2,1.0,188.955733
B1_N0,1,N0,60,B1_N0_D60_Q1,1.0,285.174809
B1_N0,1,N0,60,B1_N0_D60_Q2,1.0,290.440376
B1_N0,1,N0,75,B1_N0_D75_Q1,1.0,454.684648
B1_N0,1,N0,75,B1_N0_D75_Q2,1.0,440.090119
B1_N0,1,N0,90,B1_N0_D90_Q1,1.0,635.92861
B1_N0,1,N0,90,B1_N0_D90_Q2,1.0,618.249509
B1_N1,1,N1,10,B1_N1_D10_Q1,1.0,20.253478
B1_N1,1,N1,10,B1_N1_D10_Q2,1.0,14.80841
B1_N1,1,N1,20,B1_N1_D20_Q1,1.0,45.65651
B1_N1,1,N1,20,B1_N1_D20_Q2,1.0,42.385144
B1_N1,1,N1,30,B1_N1_D30_Q1,1.0,89.055029
B1_N1,1,N1,30,B1_N1_D30_Q2,1.0,91.944073
B1_N1,1,N1,40,B1_N1_D40_Q1,1.0,163.407829
B1_N1,1,N1,40,B1_N1_D40_Q2,1.0,163.350384
B1_N1,1,N1,50,B1_N1_D50_Q1,1.0,286.26102
B1_N1,1,N1,50,B1_N1_D50_Q2,1.0,281.046848
B1_N1,1,N1,60,B1_N1_D60_Q1,1.0,401.332435
B1_N1,1,N1,60,B1_N1_D60_Q2,1.0,426.131857
B1_N1,1,N1,75,B1_N1_D75_Q1,1.0,613.588987
B1_N1,1,N1,75,B1_N1_D75_Q2,1.0,655.713133
B1_N1,1,N1,90,B1_N1_D90_Q1,1.0,855.880226
B1_N1,1,N1,90,B1_N1_D90_Q2,1.0,855.160891
B1_N2,1,N2,10,B1_N2_D10_Q1,1.0,21.717313
B1_N2,1,N2,10,B1_N2_D10_Q2,1.0,20.792215
B1_N2,1,N2,20,B1_N2_D20_Q1,1.0,49.88039
B1_N2,1,N2,20,B1_N2_D20_Q2,1.0,51.416232
B1_N2,1,N2,30,B1_N2_D30_Q1,1.0,110.333621
B1_N2,1,N2,30,B1_N2_D30_Q2,1.0,112.842241
B1_N2,1,N2,40,B1_N2_D40_Q1,1.0,218.785272
B1_N2,1,N2,40,B1_N2_D40_Q2,1.0,202.910219
B1_N2,1,N2,50,B1_N2_D50_Q1,1.0,357.144276
B1_N2,1,N2,50,B1_N2_D50_Q2,1.0,332.485695
B1_N2,1,N2,60,B1_N2_D60_Q1,1.0,507.060459
B1_N2,1,N2,60,B1_N2_D60_Q2,1.0,501.871051
B1_N2,1,N2,75,B1_N2_D75_Q1,1.0,750.432472
B1_N2,1,N2,75,B1_N2_D75_Q2,1.0,744.476956
B1_N2,1,N2,90,B1_N2_D90_Q1,1.0,1020.53309
B1_N2,1,N2,90,B1_N2_D90_Q2,1.0,1033.792724
B2_N0,2,N0,10,B2_N0_D10_Q1,1.0,13.244767
B2_N0,2,N0,10,B2_N0_D10_Q2,1.0,13.118845
B2_N0,2,N0,20,B2_N0_D20_Q1,1.0,28.475198
B2_N0,2,N0,20,B2_N0_D20_Q2,1.0,30.525289
B2_N0,2,N0,30,B2_N0_D30_Q1,1.0,64.74568
B2_N0,2,N0,30,B2_N0_D30_Q2,1.0,58.094221
B2_N0,2,N0,40,B2_N0_D40_Q1,1.0,117.832653
B2_N0,2,N0,40,B2_N0_D40_Q2,1.0,113.055033
B2_N0,2,N0,50,B2_N0_D50_Q1,1.0,202.304647
B2_N0,2,N0,50,B2_N0_D50_Q2,1.0,196.905031
B2_N0,2,N0,60,B2_N0_D60_Q1,1.0,294.598096
B2_N0,2,N0,60,B2_N0_D60_Q2,1.0,275.216698
B2_N0,2,N0,75,B2_N0_D75_Q1,1.0,432.901726
B2_N0,2,N0,75,B2_N0_D75_Q2,1.0,470.382997
B2_N0,2,N0,90,B2_N0_D90_Q1,1.0,630.92732
B2_N0,2,N0,90,B2_N0_D90_Q2,1.0,668.269069
B2_N1,2,N1,10,B2_N1_D10_Q1,1.0,17.501226
B2_N1,2,N1,10,B2_N1_D10_Q2,1.0,19.168844
B2_N1,2,N1,20,B2_N1_D20_Q1,1.0,42.184931
B2_N1,2,N1,20,B2_N1_D20_Q2,1.0,44.06012
B2_N1,2,N1,30,B2_N1_D30_Q1,1.0,84.609534
B2_N1,2,N1,30,B2_N1_D30_Q2,1.0,90.116387
B2_N1,2,N1,40,B2_N1_D40_Q1,1.0,176.185495
B2_N1,2,N1,40,B2_N1_D40_Q2,1.0,173.172567
B2_N1,2,N1,50,B2_N1_D50_Q1,1.0,268.258234
B2_N1,2,N1,50,B2_N1_D50_Q2,1.0,296.287172
B2_N1,2,N1,60,B2_N1_D60_Q1,1.0,397.080124
B2_N1,2,N1,60,B2_N1_D60_Q2,1.0,428.147679
B2_N1,2,N1,75,B2_N1_D75_Q1,1.0,606.018824
B2_N1,2,N1,75,B2_N1_D75_Q2,1.0,671.874838
B2_N1,2,N1,90,B2_N1_D90_Q1,1.0,890.445794
B2_N1,2,N1,90,B2_N1_D90_Q2,1.0,900.077156
B2_N2,2,N2,10,B2_N2_D10_Q1,1.0,21.970542
B2_N2,2,N2,10,B2_N2_D10_Q2,1.0,19.104876
B2_N2,2,N2,20,B2_N2_D20_Q1,1.0,52.65402
B2_N2,2,N2,20,B2_N2_D20_Q2,1.0,51.526392
B2_N2,2,N2,30,B2_N2_D30_Q1,1.0,107.170797
B2_N2,2,N2,30,B2_N2_D30_Q2,1.0,115.815638
B2_N2,2,N2,40,B2_N2_D40_Q1,1.0,218.33346
B2_N2,2,N2,40,B2_N2_D40_Q2,1.0,214.240968
B2_N2,2,N2,50,B2_N2_D50_Q1,1.0,343.165982
B2_N2,2,N2,50,B2_N2_D50_Q2,1.0,379.172258
B2_N2,2,N2,60,B2_N2_D60_Q1,1.0,509.287964
B2_N2,2,N2,60,B2_N2_D60_Q2,1.0,541.481509
B2_N2,2,N2,75,B2_N2_D75_Q1,1.0,803.867158
B2_N2,2,N2,75,B2_N2_D75_Q2,1.0,767.953324
B2_N2,2,N2,90,B2_N2_D90_Q1,1.0,1008.652359
B2_N2,2,N2,90,B2_N2_D90_Q2,1.0,1058.272525
B3_N0,3,N0,10,B3_N0_D10_Q1,1.0,15.383287
B3_N0,3,N0,10,B3_N0_D10_Q2,1.0,14.109628
B3_N0,3,N0,20,B3_N0_D20_Q1,1.0,29.122425
B3_N0,3,N0,20,B3_N0_D20_Q2,1.0,32.422017
B3_N0,3,N0,30,B3_N0_D30_Q1,1.0,58.457402
B3_N0,3,N0,30,B3_N0_D30_Q2,1.0,61.095514
B3_N0,3,N0,40,B3_N0_D40_Q1,1.0,113.136376
B3_N0,3,N0,40,B3_N0_D40_Q2,1.0,128.166796
B3_N0,3,N0,50,B3_N0_D50_Q1,1.0,189.401546
B3_N0,3,N0,50,B3_N0_D50_Q2,1.0,198.761114
B3_N0,3,N0,60,B3_N0_D60_Q1,1.0,296.512505
B3_N0,3,N0,60,B3_N0_D60_Q2,1.0,309.618808
B3_N0,3,N0,75,B3_N0_D75_Q1,1.0,426.906013
B3_N0,3,N0,75,B3_N0_D75_Q2,1.0,477.636152
B3_N0,3,N0,90,B3_N0_D90_Q1,1.0,638.717758
B3_N0,3,N0,90,B3_N0_D90_Q2,1.0,618.013773
B3_N1,3,N1,10,B3_N1_D10_Q1,1.0,22.244863
B3_N1,3,N1,10,B3_N1_D10_Q2,1.0,17.808492
B3_N1,3,N1,20,B3_N1_D20_Q1,1.0,44.195956
B3_N1,3,N1,20,B3_N1_D20_Q2,1.0,45.831841
B3_N1,3,N1,30,B3_N1_D30_Q1,1.0,91.652424
B3_N1,3,N1,30,B3_N1_D30_Q2,1.0,92.086113
B3_N1,3,N1,40,B3_N1_D40_Q1,1.0,179.666877
B3_N1,3,N1,40,B3_N1_D40_Q2,1.0,177.763911
B3_N1,3,N1,50,B3_N1_D50_Q1,1.0,282.388612
B3_N1,3,N1,50,B3_N1_D50_Q2,1.0,293.708368
B3_N1,3,N1,60,B3_N1_D60_Q1,1.0,405.951107
B3_N1,3,N1,60,B3_N1_D60_Q2,1.0,444.441775
B3_N1,3,N1,75,B3_N1_D75_Q1,1.0,670.884346
B3_N1,3,N1,75,B3_N1_D75_Q2,1.0,633.748621
B3_N1,3,N1,90,B3_N1_D90_Q1,1.0,845.522014
B3_N1,3,N1,90,B3_N1_D90_Q2,1.0,892.48316
B3_N2,3,N2,10,B3_N2_D10_Q1,1.0,23.321345
B3_N2,3,N2,10,B3_N2_D10_Q2,1.0,23.556412
B3_N2,3,N2,20,B3_N2_D20_Q1,1.0,53.081057
B3_N2,3,N2,20,B3_N2_D20_Q2,1.0,51.308335
B3_N2,3,N2,30,B3_N2_D30_Q1,1.0,114.026619
B3_N2,3,N2,30,B3_N2_D30_Q2,1.0,117.631573
B3_N2,3,N2,40,B3_N2_D40_Q1,1.0,220.651017
B3_N2,3,N2,40,B3_N2_D40_Q2,1.0,212.02673
B3_N2,3,N2,50,B3_N2_D50_Q1,1.0,365.73605
B3_N2,3,N2,50,B3_N2_D50_Q2,1.0,350.399102
B3_N2,3,N2,60,B3_N2_D60_Q1,1.0,486.529817
B3_N2,3,N2,60,B3_N2_D60_Q2,1.0,504.423783
B3_N2,3,N2,75,B3_N2_D75_Q1,1.0,775.136965
B3_N2,3,N2,75,B3_N2_D75_Q2,1.0,786.975325
B3_N2,3,N2,90,B3_N2_D90_Q1,1.0,1065.54405
B3_N2,3,N2,90,B3_N2_D90_Q2,1.0,1046.577261
B4_N0,4,N0,10,B4_N0_D10_Q1,1.0,12.529203
B4_N0,4,N0,10,B4_N0_D10_Q2,1.0,16.252131
B4_N0,4,N0,20,B4_N0_D20_Q1,1.0,29.66225
B4_N0,4,N0,20,B4_N0_D20_Q2,1.0,31.480028
B4_N0,4,N0,30,B4_N0_D30_Q1,1.0,64.404462
B4_N0,4,N0,30,B4_N0_D30_Q2,1.0,64.52288
B4_N0,4,N0,40,B4_N0_D40_Q1,1.0,115.580327
B4_N0,4,N0,40,B4_N0_D40_Q2,1.0,119.942082
B4_N0,4,N0,50,B4_N0_D50_Q1,1.0,205.333932
B4_N0,4,N0,50,B4_N0_D50_Q2,1.0,200.359118
B4_N0,4,N0,60,B4_N0_D60_Q1,1.0,307.926404
B4_N0,4,N0,60,B4_N0_D60_Q2,1.0,296.427525
B4_N0,4,N0,75,B4_N0_D75_Q1,1.0,482.331591
B4_N0,4,N0,75,B4_N0_D75_Q2,1.0,474.432834
B4_N0,4,N0,90,B4_N0_D90_Q1,1.0,664.390773
B4_N0,4,N0,90,B4_N0_D90_Q2,1.0,649.127554
B4_N1,4,N1,10,B4_N1_D10_Q1,1.0,16.159617
B4_N1,4,N1,10,B4_N1_D10_Q2,1.0,18.418355
B4_N1,4,N1,20,B4_N1_D20_Q1,1.0,42.740544
B4_N1,4,N1,20,B4_N1_D20_Q2,1.0,42.462546
B4_N1,4,N1,30,B4_N1_D30_Q1,1.0,92.545011
B4_N1,4,N1,30,B4_N1_D30_Q2,1.0,91.81414
B4_N1,4,N1,40,B4_N1_D40_Q1,1.0,177.471845
B4_N1,4,N1,40,B4_N1_D40_Q2,1.0,179.761576
B4_N1,4,N1,50,B4_N1_D50_Q1,1.0,283.795171
B4_N1,4,N1,50,B4_N1_D50_Q2,1.0,263.450251
B4_N1,4,N1,60,B4_N1_D60_Q1,1.0,439.884282
B4_N1,4,N1,60,B4_N1_D60_Q2,1.0,413.319066
B4_N1,4,N1,75,B4_N1_D75_Q1,1.0,642.719639
B4_N1,4,N1,75,B4_N1_D75_Q2,1.0,649.054028
B4_N1,4,N1,90,B4_N1_D90_Q1,1.0,837.671504
B4_N1,4,N1,90,B4_N1_D90_Q2,1.0,858.636272
B4_N2,4,N2,10,B4_N2_D10_Q1,1.0,20.228773
B4_N2,4,N2,10,B4_N2_D10_Q2,1.0,20.363296
B4_N2,4,N2,20,B4_N2_D20_Q1,1.0,52.691702
B4_N2,4,N2,20,B4_N2_D20_Q2,1.0,54.321636
B4_N2,4,N2,30,B4_N2_D30_Q1,1.0,121.043324
B4_N2,4,N2,30,B4_N2_D30_Q2,1.0,117.119207
B4_N2,4,N2,40,B4_N2_D40_Q1,1.0,223.375007
B4_N2,4,N2,40,B4_N2_D40_Q2,1.0,230.070914
B4_N2,4,N2,50,B4_N2_D50_Q1,1.0,359.001737
B4_N2,4,N2,50,B4_N2_D50_Q2,1.0,367.683446
B4_N2,4,N2,60,B4_N2_D60_Q1,1.0,497.650338
B4_N2,4,N2,60,B4_N2_D60_Q2,1.0,527.818017
B4_N2,4,N2,75,B4_N2_D75_Q1,1.0,777.081254
B4_N2,4,N2,75,B4_N2_D75_Q2,1.0,776.683789
B4_N2,4,N2,90,B4_N2_D90_Q1,1.0,1020.936631
B4_N2,4,N2,90,B4_N2_D90_Q2,1.0,1019.607942
