function,module,stability,source_file,signature
growth_agr,foundations:classical-rates,stable-1.0.0,classical-rates.R,"growth_agr <- function(w1, w2, t1, t2)"
growth_allometry,foundations:partition-allometry,stable-1.0.0,partition-allometry.R,"growth_allometry <- function(data, x, y, group = NULL, level = 0.95)"
growth_cgr,foundations:classical-rates,stable-1.0.0,classical-rates.R,"growth_cgr <- function(w1, w2, t1, t2, ground_area = 1)"
growth_classical,foundations:classical-workflow,stable-1.0.0,classical-workflow.R,"growth_classical <- function(x, time = NULL, total_mass = NULL, leaf_area = NULL, leaf_mass = NULL, ground_area = NULL, unit = NULL, by = NULL, na.rm = TRUE)"
growth_data,foundations:data,stable-1.0.0,growth-data.R,"growth_data <- function(data, time, sampling = c(""auto"", ""repeated"", ""destructive"", ""mixed""), experimental_unit = NULL, plant = NULL, plot = NULL, block = NULL, treatment = NULL, total_mass = NULL, leaf_area = NULL, leaf_mass = NULL, root_mass = NULL, stem_mass = NULL, reproductive_mass = NULL, ground_area = NULL, units = list(), metadata = list())"
growth_design,foundations:design,stable-1.0.0,growth-design.R,"growth_design <- function(x, design = c(""auto"", ""crd"", ""rcbd"", ""repeated"", ""serial_destructive""), treatment = NULL, block = NULL, experimental_unit = NULL, subject = NULL, harvest_unit = NULL, phase = NULL, metadata = list())"
growth_example_data,foundations:data,stable-1.0.0,growth-data.R,"growth_example_data <- function(name = c(""maize_destructive"", ""bean_repeated"", ""soybean_partition"", ""sunflower_sigmoid"", ""wheat_expolinear"", ""soybean_irregular"", ""coffee_diphasic"", ""bean_defoliation"", ""maize_density"", ""tree_competition""))"
growth_indices,foundations:classical-workflow,stable-1.0.0,classical-workflow.R,"growth_indices <- function(x, ...)"
growth_lad,foundations:classical-rates,stable-1.0.0,classical-rates.R,"growth_lad <- function(lai, time, intervals = FALSE, na.rm = FALSE)"
growth_lai,foundations:classical-rates,stable-1.0.0,classical-rates.R,"growth_lai <- function(leaf_area, ground_area)"
growth_lar,foundations:classical-rates,stable-1.0.0,classical-rates.R,"growth_lar <- function(leaf_area, total_mass)"
growth_lmr,foundations:classical-rates,stable-1.0.0,classical-rates.R,"growth_lmr <- function(leaf_mass, total_mass)"
growth_nar,foundations:classical-rates,stable-1.0.0,classical-rates.R,"growth_nar <- function(w1, w2, a1, a2, t1, t2, tolerance = sqrt(.Machine$double.eps))"
growth_partition,foundations:partition-allometry,stable-1.0.0,partition-allometry.R,"growth_partition <- function(data, total_mass = NULL, components = NULL, normalize = FALSE, tolerance = 0.02, prefix = ""frac_"")"
growth_plan,foundations:design,stable-1.0.0,growth-design.R,"growth_plan <- function(x, desirable_times = 4L)"
growth_plot,foundations:visualization,stable-1.0.0,plot.R,"growth_plot <- function(x, response = NULL, time = NULL, group = NULL, facet = NULL, summary = c(""raw"", ""mean_se"", ""both""), log_y = FALSE, connect = NULL)"
growth_rgr,foundations:classical-rates,stable-1.0.0,classical-rates.R,"growth_rgr <- function(w1, w2, t1, t2)"
growth_sla,foundations:classical-rates,stable-1.0.0,classical-rates.R,"growth_sla <- function(leaf_area, leaf_mass)"
growth_validate,foundations:design,stable-1.0.0,growth-design.R,"growth_validate <- function(x, strict = FALSE, min_times = 2L, desirable_times = 4L, tolerance = 1e-8)"
growth_models,parametric:model-registry,stable-1.0.0,model-registry.R,growth_models <- function()
growth_start,parametric:initialization,stable-1.0.0,parametric-prep-start.R,"growth_start <- function(x, model, time = NULL, response = NULL, group = NULL, aggregate = c(""auto"", ""none"", ""mean""))"
growth_fit,parametric:fitting,stable-1.0.0,parametric-fit.R,"growth_fit <- function(x, model = ""logistic"", time = NULL, response = NULL, group = NULL, start = NULL, n_start = 1L, seed = NULL, engine = c(""auto"", ""nls"", ""minpack.lm""), aggregate = c(""auto"", ""none"", ""mean""), control = list())"
growth_multistart,parametric:fitting,stable-1.0.0,parametric-fit.R,"growth_multistart <- function(x, model = ""logistic"", time = NULL, response = NULL, group = NULL, start = NULL, n_start = 30L, seed = NULL, engine = c(""auto"", ""nls"", ""minpack.lm""), aggregate = c(""auto"", ""none"", ""mean""), control = list())"
growth_predict,parametric:prediction-comparison,stable-1.0.0,parametric-predict-compare.R,"growth_predict <- function(object, time = NULL, interval = c(""none"", ""confidence"", ""prediction""), level = 0.95)"
growth_compare,parametric:prediction-comparison,stable-1.0.0,parametric-predict-compare.R,growth_compare <- function(...)
growth_diagnose,parametric:diagnostics,stable-1.0.0,parametric-diagnostics.R,"growth_diagnose <- function(object, boundary_fraction = 0.01)"
growth_traits,parametric:traits,stable-1.0.0,parametric-traits.R,growth_traits <- function(object)
growth_inflection,parametric:traits,stable-1.0.0,parametric-traits.R,growth_inflection <- function(object)
growth_maxrate,parametric:traits,stable-1.0.0,parametric-traits.R,growth_maxrate <- function(object)
growth_time_to,parametric:traits,stable-1.0.0,parametric-traits.R,"growth_time_to <- function(object, fraction = NULL, target = NULL)"
growth_mixed,longitudinal:mixed,stable-1.0.0,longitudinal-mixed.R,"growth_mixed <- function(x, time = NULL, response = NULL, unit = NULL, group = NULL, block = NULL, degree = 2L, random_degree = 1L, correlation = c(""none"", ""ar1"", ""car1""), variance = c(""none"", ""power"", ""exponential"", ""group"", ""time""), method = c(""REML"", ""ML""), aggregate = c(""auto"", ""none"", ""mean""), control = list())"
growth_mixed_diagnose,longitudinal:mixed,stable-1.0.0,longitudinal-mixed.R,growth_mixed_diagnose <- function(object)
growth_smooth,flexible:smoothing,stable-1.0.0,smooth-growth.R,"growth_smooth <- function(x, time = NULL, response = NULL, unit = NULL, group = NULL, method = c(""smooth_spline"", ""loess"", ""gam"", ""scam""), aggregate = c(""auto"", ""none"", ""mean""), population = TRUE, spar = NULL, cv = FALSE, span = 0.75, loess_degree = 2L, k = 10L, bs = ""tp"", constraint = c(""increasing"", ""decreasing""), rho = 0, gam_method = ""REML"")"
growth_smooth_predict,flexible:smoothing,stable-1.0.0,smooth-growth.R,"growth_smooth_predict <- function(object, time = NULL, n = 100L)"
growth_derivative,flexible:smoothing,stable-1.0.0,smooth-growth.R,"growth_derivative <- function(object, order = 1L, time = NULL, n = 100L, eps = 1e-4)"
growth_acceleration,flexible:smoothing,stable-1.0.0,smooth-growth.R,"growth_acceleration <- function(object, time = NULL, n = 100L, eps = 1e-4)"
growth_smooth_traits,flexible:smoothing,stable-1.0.0,smooth-growth.R,"growth_smooth_traits <- function(object, n = 400L)"
growth_fpca,functional:fpca,stable-1.0.0,functional-growth.R,"growth_fpca <- function(x, time = NULL, response = NULL, unit = NULL, group = NULL, engine = c(""grid"", ""fdapace"", ""refund""), aggregate = c(""auto"", ""none"", ""mean""), grid_n = 101L, npc = NULL, pve = 0.95, smooth = c(""smooth_spline"", ""linear""), nbasis = 10L)"
growth_functional,functional:fpca,stable-1.0.0,functional-growth.R,"growth_functional <- function(x, time = NULL, response = NULL, unit = NULL, group = NULL, engine = c(""grid"", ""fdapace"", ""refund""), aggregate = c(""auto"", ""none"", ""mean""), grid_n = 101L, npc = NULL, pve = 0.95, smooth = c(""smooth_spline"", ""linear""), nbasis = 10L)"
growth_curve_coefficients,multivariate:manova,stable-1.0.0,growth-manova.R,"growth_curve_coefficients <- function(x, time = NULL, response = NULL, unit = NULL, group = NULL, degree = 2L, transform = c(""none"", ""log""), aggregate = c(""auto"", ""none"", ""mean""))"
growth_manova,multivariate:manova,stable-1.0.0,growth-manova.R,"growth_manova <- function(x, time = NULL, response = NULL, unit = NULL, group = NULL, degree = 2L, transform = c(""none"", ""log""), aggregate = c(""auto"", ""none"", ""mean""), test = c(""Pillai"", ""Wilks"", ""Hotelling-Lawley"", ""Roy""))"
growth_boot,uncertainty:bootstrap,stable-1.0.0,bootstrap-uncertainty.R,"growth_boot <- function(object, R = 999L, method = c(""auto"", ""case"", ""cluster"", ""residual"", ""parametric"", ""wild"", ""cluster_wild""), seed = NULL, n_start = 1L, engine = NULL, wild_weights = c(""rademacher"", ""mammen""), control = list(), keep_fits = FALSE)"
growth_boot_ci,uncertainty:bootstrap,stable-1.0.0,bootstrap-uncertainty.R,"growth_boot_ci <- function(object, source = c(""coefficients"", ""traits""), parm = NULL, conf = 0.95, type = c(""percentile"", ""basic"", ""normal""))"
growth_boot_traits,uncertainty:bootstrap,stable-1.0.0,bootstrap-uncertainty.R,"growth_boot_traits <- function(object, traits = NULL, conf = 0.95, type = c(""percentile"", ""basic"", ""normal""))"
growth_selection_stability,uncertainty:bootstrap,stable-1.0.0,bootstrap-uncertainty.R,"growth_selection_stability <- function(x, models, time = NULL, response = NULL, R = 199L, method = c(""auto"", ""case"", ""cluster""), seed = NULL, n_start = 1L, engine = c(""auto"", ""nls"", ""minpack.lm""), aggregate = c(""auto"", ""none"", ""mean""))"
growth_prior,uncertainty:bayesian,stable-1.0.0,bayesian-growth.R,"growth_prior <- function(x = NULL, model = ""logistic"", time = NULL, response = NULL, group = NULL, unit = NULL, aggregate = c(""auto"", ""none"", ""mean""))"
growth_bayes,uncertainty:bayesian,stable-1.0.0,bayesian-growth.R,"growth_bayes <- function(x, model = ""logistic"", time = NULL, response = NULL, group = NULL, unit = NULL, group_effects = c(""auto"", ""none"", ""all""), random = c(""auto"", ""none"", ""asym"", ""timing"", ""all""), nlpar_formulas = NULL, prior = NULL, family = stats::gaussian(), chains = 4L, iter = 2000L, warmup = floor(iter / 2), cores = getOption(""mc.cores"", 1L), backend = c(""rstan"", ""cmdstanr""), seed = NULL, sample_prior = c(""yes"", ""no"", ""only""), control = list(adapt_delta = 0.95, max_treedepth = 12), aggregate = c(""auto"", ""none"", ""mean""), refresh = 0, ...)"
growth_prior_predict,uncertainty:bayesian,stable-1.0.0,bayesian-growth.R,"growth_prior_predict <- function(x, model = ""logistic"", time = NULL, response = NULL, group = NULL, unit = NULL, group_effects = c(""auto"", ""none"", ""all""), random = c(""auto"", ""none"", ""asym"", ""timing"", ""all""), nlpar_formulas = NULL, prior = NULL, family = stats::gaussian(), chains = 4L, iter = 1000L, warmup = floor(iter / 2), cores = getOption(""mc.cores"", 1L), backend = c(""rstan"", ""cmdstanr""), seed = NULL, control = list(adapt_delta = 0.95, max_treedepth = 12), aggregate = c(""auto"", ""none"", ""mean""), refresh = 0, ...)"
growth_pp_check,uncertainty:bayesian,stable-1.0.0,bayesian-growth.R,"growth_pp_check <- function(object, type = ""dens_overlay"", ndraws = 50L, ...)"
growth_bayes_diagnose,uncertainty:bayesian,stable-1.0.0,bayesian-growth.R,"growth_bayes_diagnose <- function(object, rhat_threshold = 1.01, min_ess = 400)"
growth_posterior_traits,uncertainty:bayesian,stable-1.0.0,bayesian-growth.R,"growth_posterior_traits <- function(object, group = NULL, unit = NULL, re_formula = NA, ndraws = NULL, probs = c(0.025, 0.975), grid_n = 201L, seed = NULL)"
growth_loo,uncertainty:bayesian,stable-1.0.0,bayesian-growth.R,"growth_loo <- function(object, moment_match = FALSE, ...)"
growth_model_average,uncertainty:bayesian,stable-1.0.0,bayesian-growth.R,"growth_model_average <- function(..., method = c(""stacking"", ""pseudobma""), BB = TRUE, type = c(""weights"", ""epred"", ""predict""), newdata = NULL, re_formula = NA, ndraws = 1000L, probs = c(0.025, 0.975), seed = NULL, keep_draws = FALSE)"
growth_multiphase,events-decisions,stable-1.0.0,biological-events-decisions.R,"growth_multiphase <- function(x, time = NULL, response = NULL, n_phases = 2L, group = NULL, start = NULL, n_start = 20L, seed = NULL, aggregate = c(""auto"", ""none"", ""mean""), control = list())"
growth_diphasic,events-decisions,stable-1.0.0,biological-events-decisions.R,"growth_diphasic <- function(x, time = NULL, response = NULL, group = NULL, start = NULL, n_start = 20L, seed = NULL, aggregate = c(""auto"", ""none"", ""mean""), control = list())"
growth_stability,events-decisions,stable-1.0.0,biological-events-decisions.R,"growth_stability <- function(object, interval = NULL, n = 2001L)"
growth_changepoint,events-decisions,stable-1.0.0,biological-events-decisions.R,"growth_changepoint <- function(data, time, response, min_segment = 3L, candidates = NULL)"
growth_event,events-decisions,stable-1.0.0,biological-events-decisions.R,"growth_event <- function(data, time, response, event_time, unit = NULL, event_type = ""disturbance"", event_amount = NULL)"
growth_defoliation,events-decisions,stable-1.0.0,biological-events-decisions.R,"growth_defoliation <- function(data, time, total_mass, leaf_mass, leaf_area, total_loss = NULL, leaf_mass_loss = NULL, leaf_area_loss = NULL, unit = NULL, step = 0.25)"
growth_compensation,events-decisions,stable-1.0.0,biological-events-decisions.R,"growth_compensation <- function(data, group, control, response, time = NULL, unit = NULL, metric = c(""final"", ""auc"", ""slope""))"
growth_density,events-decisions,stable-1.0.0,biological-events-decisions.R,"growth_density <- function(data, density, plant_mass)"
growth_neighbor,events-decisions,stable-1.0.0,biological-events-decisions.R,"growth_neighbor <- function(data, id, x, y, size, radius = Inf, distance_power = 1, size_power = 1)"
growth_competition,events-decisions,stable-1.0.0,biological-events-decisions.R,"growth_competition <- function(initial_size, times, r, K, competition_matrix, dt = 0.1)"
growth_threshold,events-decisions,stable-1.0.0,biological-events-decisions.R,"growth_threshold <- function(object, threshold, type = c(""absolute"", ""fraction""), interval = NULL, direction = c(""increasing"", ""decreasing""), n = 2001L)"
growth_plateau_time,events-decisions,stable-1.0.0,biological-events-decisions.R,"growth_plateau_time <- function(object, criterion = c(""rate"", ""response""), rate_fraction = 0.05, response_fraction = 0.95, interval = NULL, n = 3001L)"
growth_harvest_opt,events-decisions,stable-1.0.0,biological-events-decisions.R,"growth_harvest_opt <- function(object, price = 1, cost_per_time = 0, discount_rate = 0, harvest_cost = 0, interval = NULL, n = 2001L)"
growth_schedule,events-decisions,stable-1.0.0,biological-events-decisions.R,"growth_schedule <- function(object = NULL, time_range = NULL, n = 6L, method = c(""rate_curvature"", ""equal""), grid_size = 2001L)"
growth_design_sim,events-decisions,stable-1.0.0,biological-events-decisions.R,"growth_design_sim <- function(model, parameters, times, n_unit = 12L, sigma = 1, random_asym_sd = 0, treatment = NULL, treatment_multiplier = NULL, seed = NULL)"
growth_power,events-decisions,stable-1.0.0,biological-events-decisions.R,"growth_power <- function(effect, trait_sd, n_unit, alpha = 0.05, n_sim = 5000L, alternative = c(""two.sided"", ""greater"", ""less""), seed = NULL)"
growth_method_guide,release:orchestration,stable-1.0.0,consolidated-release.R,"growth_method_guide <- function(x, time = NULL, response = NULL, unit = NULL, group = NULL, objective = c(""trajectory"", ""rates"", ""treatment_comparison"", ""uncertainty"", ""phases"", ""decision""), include_optional = TRUE)"
growth_workflow,release:orchestration,stable-1.0.0,consolidated-release.R,"growth_workflow <- function(x, time = NULL, response = NULL, unit = NULL, group = NULL, objective = c(""trajectory"", ""rates"", ""treatment_comparison"", ""uncertainty"", ""phases"", ""decision""), strategy = c(""auto"", ""classical"", ""parametric"", ""mixed"", ""smooth"", ""multiphase""), models = c(""logistic"", ""gompertz"", ""richards""), n_start = 10L, smooth_method = c(""smooth_spline"", ""loess"", ""gam"", ""scam""), mixed_degree = 2L, uncertainty = c(""none"", ""auto"", ""bootstrap"", ""bayesian""), bootstrap_R = 999L, uncertainty_args = list(), seed = NULL, execute = TRUE, ...)"
growth_workflow_audit,release:orchestration,stable-1.0.0,consolidated-release.R,growth_workflow_audit <- function(object)
growth_table,release:orchestration,stable-1.0.0,consolidated-release.R,"growth_table <- function(object, component = c(""auto"", ""audit"", ""traits"", ""comparison"", ""diagnostics"", ""intervals"", ""coefficients"", ""guide""))"
growth_report,release:orchestration,stable-1.0.0,consolidated-release.R,"growth_report <- function(object, file = NULL, title = ""agriGrowthFlow analysis report"", digits = 4L)"
growth_export,release:orchestration,stable-1.0.0,consolidated-release.R,"growth_export <- function(object, path, format = c(""rds"", ""csv"", ""bundle""), overwrite = FALSE)"
