key,title,authors,year,journal_or_publisher,volume,issue,pages,doi_or_isbn,source_1,source_2,verification_status,checked_on
Hunt1990,Basic Growth Analysis: Plant Growth Analysis for Beginners,Roderick Hunt,1990,Unwin Hyman / Springer,,,,DOI 10.1007/978-94-010-9117-6; ISBN 978-0-04-445373-4,Springer Nature Link bibliographic record,WorldCat bibliographic record,"MATCH: title, author, year and publisher context; DOI/ISBN confirmed by Springer and supplied book",2026-08-27
KeulsGarretsen1982,Statistical analysis of growth curves in plant breeding,M. Keuls; F. Garretsen,1982,Euphytica,31,,51-64,10.1007/BF00028306,Springer Nature article record,Wageningen University & Research publication record,"MATCH: title, authors, year, journal, volume, pages and DOI",2026-08-27
Poorter1989,Plant growth analysis: towards a synthesis of the classical and the functional approach,Hendrik Poorter,1989,Physiologia Plantarum,75,2,237-244,10.1111/j.1399-3054.1989.tb06175.x,Wiley Online Library article record,EBSCOhost indexed article record,"MATCH: title, author, year, journal, volume, issue, pages and DOI",2026-08-27
ShipleyHunt1996,Regression Smoothers for Estimating Parameters of Growth Analyses,Bill Shipley; Roderick Hunt,1996,Annals of Botany,78,5,569-576,10.1006/anbo.1996.0162,Oxford Academic article record,ScienceDirect article record,"MATCH: title, authors, year, volume, issue, pages and DOI",2026-08-27
AntenAckerly2001,A new method of growth analysis for plants that experience periodic losses of leaf mass,N. P. R. Anten; D. D. Ackerly,2001,Functional Ecology,15,6,804-811,10.1046/j.0269-8463.2001.00582.x,Wiley Online Library article record,Wageningen University & Research publication record,"MATCH: title, authors, year, volume, issue, pages and DOI",2026-08-27
Richards1959,A Flexible Growth Function for Empirical Use,F. J. Richards,1959,Journal of Experimental Botany,10,2,290-301,10.1093/jxb/10.2.290,Oxford Academic article record,CiNii Research bibliographic record,"MATCH: title, author, year, journal, volume, issue, pages and DOI",2026-08-27
GoudriaanMonteith1990,A Mathematical Function for Crop Growth Based on Light Interception and Leaf Area Expansion,J. Goudriaan; J. L. Monteith,1990,Annals of Botany,66,6,695-701,10.1093/oxfordjournals.aob.a088084,Oxford Academic article record,Wageningen University & Research publication record,"MATCH: title, authors, year, journal, volume, pages and DOI; issue confirmed by Oxford",2026-08-27
YinEtAl2003,A Flexible Sigmoid Function of Determinate Growth,Xinyou Yin; Jan Goudriaan; Egbert A. Lantinga; Jan Vos; Huub J. Spiertz,2003,Annals of Botany,91,3,361-371,10.1093/aob/mcg029,Oxford Academic article record,PubMed/PMC indexed record,"MATCH: title, authors, year, journal, volume, issue, pages and DOI",2026-08-27
YinEtAl2003Erratum,Erratum: A Flexible Sigmoid Function of Determinate Growth,Xinyou Yin; Jan Goudriaan; Egbert A. Lantinga; Jan Vos; Huub J. Spiertz,2003,Annals of Botany,91,6,753,10.1093/aob/mcg091,Oxford Academic erratum record,PubMed Central erratum record,"MATCH: corrected article, authors, year, volume, issue, page and DOI; erratum corrects the exponent numerator in equation 11 from tm to te",2026-08-27
ArchontoulisMiguez2015,Nonlinear Regression Models and Applications in Agricultural Research,Sotirios V. Archontoulis; Fernando E. Miguez,2015,Agronomy Journal,107,2,786-798,10.2134/agronj2012.0506,Agronomy Journal/Wiley article record,Scientia Agricola indexed reference record,"MATCH: title, authors, year, journal, volume, issue, pages and DOI",2026-08-27
PinheiroBates2000,Mixed-Effects Models in S and S-PLUS,José C. Pinheiro; Douglas M. Bates,2000,Springer,,,"XVI, 528",DOI 10.1007/b98882; ISBN 978-0-387-98957-0,Springer Nature Link bibliographic record,Google Books bibliographic record,"MATCH: title, authors, year, publisher, DOI, hardcover ISBN and book scope",2026-08-27
Mirman2014,Growth Curve Analysis and Visualization Using R,Daniel Mirman,2014,CRC Press / Chapman & Hall,,,192,ISBN 978-1-4665-8432-7,Routledge/CRC Press publisher record,WorldCat bibliographic record,"MATCH: title, author, year, publisher and edition context; print ISBN confirmed by publisher",2026-08-27
PyaWood2015,Shape constrained additive models,Natalya Pya; Simon N. Wood,2015,Statistics and Computing,25,,543-559,10.1007/s11222-013-9448-7,Springer Nature article record,University of Edinburgh Research Explorer record,"MATCH: title, authors, journal, volume, pages, DOI and 2015 issue publication",2026-08-27
RamsaySilverman2005,Functional Data Analysis,J. O. Ramsay; B. W. Silverman,2005,Springer,,,"XIX, 429",DOI 10.1007/b98888; ISBN 978-0-387-40080-8,Springer Nature Link second-edition record,Google Books bibliographic record,"MATCH: title, authors, second edition, year, publisher, DOI and hardcover ISBN",2026-08-27
WangChiouMuller2016,Functional Data Analysis,Jane-Ling Wang; Jeng-Min Chiou; Hans-Georg Müller,2016,Annual Review of Statistics and Its Application,3,,257-295,10.1146/annurev-statistics-041715-033624,Annual Reviews article record,PubMed-indexed reference record,"MATCH: title, authors, year, journal, volume, pages and DOI",2026-08-27
MischanEtAl2015,Inflection and stability points of diphasic logistic analysis of growth,Martha Maria Mischan; José Raimundo de Souza Passos; Sheila Zambello de Pinho; Lídia Raquel de Carvalho,2015,Scientia Agricola,72,3,215-220,10.1590/0103-9016-2014-0212,SciELO/Scientia Agricola article record,Supplied Scientia Agricola publisher PDF,"MATCH: title, authors, year, journal, volume, issue, pages and DOI; content confirms numerical derivative roots for diphasic logistic sums",2026-08-27
DavisonHinkley1997,Bootstrap Methods and Their Application,A. C. Davison; D. V. Hinkley,1997,Cambridge University Press,,,,DOI 10.1017/CBO9780511802843; ISBN 978-0-521-57471-6,Cambridge University Press book record,Google Books bibliographic record,"MATCH: title, authors, year, publisher, DOI and ISBN",2026-08-27
Mammen1992,When Does Bootstrap Work? Asymptotic Results and Simulations,Enno Mammen,1992,Springer Lecture Notes in Statistics,77,,,DOI 10.1007/978-1-4612-2950-6; ISBN 978-0-387-97867-3,Springer Nature Link bibliographic record,Google Books bibliographic record,"MATCH: title, author, year, series, volume, DOI and softcover ISBN",2026-08-27
Buerkner2017,brms: An R Package for Bayesian Multilevel Models Using Stan,Paul-Christian Bürkner,2017,Journal of Statistical Software,80,1,1-28,10.18637/jss.v080.i01,Journal of Statistical Software article record,brms official citation page / CiNii Crossref record,"MATCH: title, author, year, journal, volume, issue, pages and DOI",2026-08-27
VehtariGelmanGabry2017,Practical Bayesian model evaluation using leave-one-out cross-validation and WAIC,Aki Vehtari; Andrew Gelman; Jonah Gabry,2017,Statistics and Computing,27,,1413-1432,10.1007/s11222-016-9696-4,Springer Nature article record,loo package reference documentation,"MATCH: title, authors, journal, volume, pages and DOI",2026-08-27
VehtariEtAl2021,Rank-Normalization Folding and Localization: An Improved R-hat for Assessing Convergence of MCMC,Aki Vehtari; Andrew Gelman; Daniel Simpson; Bob Carpenter; Paul-Christian Bürkner,2021,Bayesian Analysis,16,2,667-718,10.1214/20-BA1221,Aalto University research portal,CiNii Crossref / posterior package reference documentation,"MATCH: title, authors, year, journal, volume, issue, pages and DOI",2026-08-27
YaoEtAl2018,Using Stacking to Average Bayesian Predictive Distributions,Yuling Yao; Aki Vehtari; Daniel Simpson; Andrew Gelman,2018,Bayesian Analysis,13,3,917-1007,10.1214/17-BA1091,Monash University publication record,NSF Public Access Repository,"MATCH: title, authors, year, journal, volume, issue, page range and DOI",2026-08-27
Gates1982,Analysis of Some Equations of Growth and Competition in Plantations,D. J. Gates,1982,Mathematical Biosciences,59,1,17-32,10.1016/0025-5564(82)90106-7,ScienceDirect article record,OpenAlex bibliographic record,"MATCH: title, author, year, journal, volume, issue, pages and DOI",2026-08-27
Muggeo2003,Estimating regression models with unknown break-points,Vito M. R. Muggeo,2003,Statistics in Medicine,22,19,3055-3071,10.1002/sim.1545,Wiley Online Library article record,PubMed indexed record,"MATCH: title, author, year, journal, volume, issue, pages and DOI",2026-08-27
Panik2014,Growth Curve Modeling: Theory and Applications,Michael J. Panik,2014,John Wiley & Sons,,,,ISBN 978-1-118-76404-6,Wiley-VCH book record,International Statistical Review book review / University of Michigan repository,"MATCH: title, author, year, publisher context and ISBN",2026-08-27
